"","Country","Date","X50","Y5","Y7","Y2","X5 (Estimate)","X5 (Alternative)","PerCapHouse","1","2","3","4","5","6","7"
"1","Austria","01/01/1948",6.953,NA,26.1,NA,2030.40875,2030.40875,292.019092478067,0.296,0.242,0.054,0.704,0.485,0.289617486,0.058
"2","Austria","01/01/1949",6.942,NA,29,NA,2058.68375,2058.68375,296.554847306252,0.296,0.242,0.054,0.704,0.485,0.289617486,0.058
"3","Austria","01/01/1950",6.935,NA,46.2,NA,2103.72875,2103.72875,303.349495313627,0.296,0.242,0.054,0.704,0.485,0.289617486,0.058
"4","Austria","01/01/1951",6.934,2138,35.15,NA,2138,2138,308.33573694837,0.296,0.242,0.054,0.704,0.485,0.289617486,0.058
"5","Austria","01/01/1952",6.949,NA,57.3,NA,2172.123985,2172.123985,312.580800834653,0.296,0.242,0.054,0.704,0.485,0.289617486,0.058
"6","Austria","01/01/1953",6.96,NA,38.2,NA,2187.625471,2187.625471,314.314004454023,0.27,0.215,0.055,0.73,0.513,0.289617486,0.073
"7","Austria","01/01/1954",6.969,NA,40.3,NA,2205.174456,2205.174456,316.426238484718,0.267,0.215,0.052,0.733,0.516,0.289617486,0.091
"8","Austria","01/01/1955",6.974,NA,41.4,NA,2223.795942,2223.795942,318.869507026097,0.274,0.207,0.067,0.726,0.507,0.289617486,0.111
"9","Austria","01/01/1956",6.983,NA,42,NA,2243.002427,2243.002427,321.208997135901,0.2998,0.1966,0.1032,0.7002,0.5116,0.289617486,0.1022
"10","Austria","01/01/1957",6.997,NA,34.6,NA,2254.993913,2254.993913,322.28010761755,0.3256,0.1862,0.1394,0.6744,0.5162,0.289617486,0.0934
"11","Austria","01/01/1958",6.987,NA,36.192,NA,2268.537598,2268.537598,324.679776441964,0.3514,0.1758,0.1756,0.6486,0.5208,0.289617486,0.0846
"12","Austria","01/01/1959",7.014,NA,35.541,NA,2281.446558,2281.446558,325.270396065013,0.3772,0.1654,0.2118,0.6228,0.5254,0.289617486,0.0758
"13","Austria","01/01/1960",7.048,NA,42.9,NA,2301.530544,2301.530544,326.550871736663,0.403,0.155,0.248,0.597,0.53,0.289617486,0.067
"14","Austria","01/01/1961",7.087,NA,44,1.1,2322.687029,2322.687029,327.739103852124,0.417,0.148,0.269,0.583,0.51,0.289617486,0.073
"15","Austria","01/01/1962",7.13,NA,45.4,2.2,2344.143515,2344.143515,328.771881486676,0.405,0.119,0.286,0.595,0.552,0.289617486,0.043
"16","Austria","01/01/1963",7.172,2367.6,47,1.8,2367.6,2367.6,330.117122141662,0.403,0.114,0.289,0.597,0.542,0.289617486,0.055
"17","Austria","01/01/1964",7.215,2416.3,50.7,2,2416.3,2416.3,334.899514899515,0.419,0.139,0.28,0.581,0.532,0.289617486,0.049
"18","Austria","01/01/1965",7.255,2463.7,49.6,2.2,2463.7,2463.7,339.586492074431,0.433,0.129,0.304,0.567,0.514,0.289617486,0.053
"19","Austria","01/01/1966",7.29,2512,48.1,NA,2512,2512,344.581618655693,0.4525,0.133,0.3195,0.5475,0.4895,0.289617486,0.058
"20","Austria","01/01/1967",7.323,2560.9,51,3,2560.9,2560.9,349.706404479039,0.472,0.137,0.335,0.528,0.465,0.289617486,0.063
"21","Austria","01/01/1968",7.35,2607.5,50.6,4,2607.5,2607.5,354.761904761905,0.474,0.099,0.375,0.525,0.462,0.289617486,0.063
"22","Austria","01/01/1969",7.37,2652.5,49,4,2652.5,2652.5,359.905020352782,0.49,0.143,0.347,0.505,0.423,0.289617486,0.082
"23","Austria","01/01/1970",7.39,2693.5,45,4,2693.5,2693.5,364.479025710419,0.466,0.144,0.322,0.534,0.467,0.289617486,0.067
"24","Austria","01/01/1971",7.46,2734.5,45,4,2734.5,2734.5,366.554959785523,0.466,0.144,0.322,0.534,0.467,0.289617486,0.067
"25","Austria","01/01/1972",7.49,2703.3,50.3,6,2703.3,2703.3,360.921228304406,0.479,0.159,0.32,0.541,0.471,0.289617486,0.07
"26","Austria","01/01/1973",7.53,2759.6,44,7,2759.6,2759.6,366.480743691899,0.41,0.114,0.296,0.59,0.522,0.289617486,0.068
"27","Austria","01/01/1974",7.53,2796.6,50,7.5,2796.6,2796.6,371.394422310757,0.41,0.1,0.31,0.59,0.5,0.289617486,0.09
"28","Austria","01/01/1975",7.52,2880,48.4,7.5,2880,2880,382.978723404255,0.424,0.095,0.329,0.576,0.464,0.289617486,0.112
"29","Austria","01/01/1976",7.51,2916.1,44.1,8,2916.1,2916.1,388.295605858855,0.361,0.073,0.288,0.639,0.517,0.289617486,0.122
"30","Austria","01/01/1977",7.52,2955.5,45.4,8,2955.5,2955.5,393.018617021277,0.39,0.088,0.302,0.61,0.511,0.289617486,0.099
"31","Austria","01/01/1978",7.51,2996.8,51.5,8,2996.8,2996.8,399.041278295606,0.409,0.08,0.329,0.591,0.456,0.289617486,0.135
"32","Austria","01/01/1979",7.51,3041.9,55.1,8,3041.9,3041.9,405.046604527297,0.445,0.1,0.345,0.555,0.459,0.289617486,0.096
"33","Austria","01/01/1980",7.55,3037.5,78.5,8.7,3037.5,3037.5,402.317880794702,0.316937941,0.057789617,0.259148323,0.683062059,0.599079751,0.289617486,0.083982309
"34","Austria","01/01/1981",7.56,3077.2,52.2,13.4,3077.2,3077.2,407.037037037037,0.342235197,0.043575375,0.298659822,0.657764803,0.579274266,0.289617486,0.078490536
"35","Austria","01/01/1982",7.57,NA,43.7,20.5,3102.55,3102.55,409.848084544254,0.376732312,0.090330963,0.286401349,0.623267688,0.561451495,0.289617486,0.061816193
"36","Austria","01/01/1983",7.55,3115.1,30.9,20.5,3115.1,3115.1,412.596026490066,0.349609525,0.077045193,0.272564332,0.650390475,0.596133658,0.289617486,0.054256817
"37","Austria","01/01/1984",7.55,3128.2,41.4,20.5,3128.2,3128.2,414.331125827815,0.359735414,0.07394844,0.285786974,0.640264586,0.579811979,0.289617486,0.060452607
"38","Austria","01/01/1985",7.56,3140.3,41.2,NA,3140.3,3140.3,415.383597883598,0.372901125,0.085412971,0.287488154,0.627098875,0.562194737,0.289617486,0.064904138
"39","Austria","01/01/1986",7.56,3150.6,38.8,28.5,3150.6,3150.6,416.746031746032,0.35248983,0.039342912,0.313146918,0.64751017,0.584401874,0.289617486,0.063108296
"40","Austria","01/01/1987",7.57,3249.7,38.6,13.9,3249.7,3249.7,429.286657859974,0.353275835,0.051774302,0.301501533,0.646724165,0.575622175,0.289617486,0.07110199
"41","Austria","01/01/1988",7.6,3275.1,39.3,13.9,3275.1,3275.1,430.934210526316,0.373349309,0.05152195,0.321827359,0.626650691,0.552516188,0.289617486,0.074134503
"42","Austria","01/01/1989",7.62,2841,37.9,13.9,2841,2841,372.834645669291,0.339526181,0.039845047,0.299681134,0.660473819,0.580098559,0.289617486,0.08037526
"43","Austria","01/01/1990",7.72,2900,36.6,13.9,2900,2900,375.647668393782,0.288977649,0.02330862,0.265669029,0.711022351,0.618964244,0.289617486,0.092058107
"44","Austria","01/01/1991",7.755,3002,40.4,13.9,3002,3002,387.105093488072,0.310859011,0.030540969,0.280318042,0.689140989,0.590359655,0.320413437,0.098781334
"45","Austria","01/01/1992",7.841,NA,41.4,NA,3023.256188,3023.256188,385.570231858181,0.317469246,0.028320575,0.289148671,0.682530754,0.547775685,0.320413437,0.134755069
"46","Austria","01/01/1993",7.906,NA,43.449,NA,3045.856399,3045.856399,385.258841259803,0.328776266,0.025247992,0.303528275,0.671223734,0.52479919,0.320413437,0.146424544
"47","Austria","01/01/1994",7.936,3072,48.851,NA,3072,3072,387.096774193548,0.332889808,0.024728255,0.308161552,0.667110192,0.481586866,0.320413437,0.185523326
"48","Austria","01/01/1995",7.948,3109.6,53.4,NA,3109.6,3109.6,391.243080020131,0.331359061,0.020898544,0.310460518,0.668640939,0.453020449,0.320413437,0.21562049
"49","Austria","01/01/1996",7.959,3142,57.984,NA,3142,3142,394.773212715165,0.31857064,0.037734547,0.280836093,0.68142936,0.455435982,0.320413437,0.225993377
"50","Austria","01/01/1997",7.968,3163.2,58.03,15.3,3163.2,3163.2,396.987951807229,0.307811611,0.027641352,0.28017026,0.692188389,0.471419463,0.320413437,0.220768926
"51","Austria","01/01/1998",7.977,3190.7,57.49,12.4,3190.7,3190.7,399.987463958882,0.293899703,0.020751796,0.273147907,0.706100297,0.489328393,0.320413437,0.216771904
"52","Austria","01/01/1999",7.992,3192,59.447,NA,3192,3192,399.399399399399,0.312564133,0.028630545,0.283933588,0.687435867,0.459501741,0.320413437,0.227934126
"53","Austria","01/01/2000",8.012,3226,53.76,NA,3226,3226,402.64603095357,0.312927827,0.016034226,0.296893601,0.687072173,0.486662946,0.320413437,0.200409226
"54","Austria","01/01/2001",8.042,3262,45.85,NA,3262,3262,405.620492414822,0.273456925,0.016772083,0.256684842,0.726543075,0.547219193,0.320413437,0.179323882
"55","Austria","01/01/2002",8.082,3296,41.914,NA,3296,3296,407.819846572631,0.271961636,0.007634681,0.264326955,0.728038364,0.55115236,0.320413437,0.176886005
"56","Austria","01/01/2003",8.121,3302,46.91,NA,3302,3302,406.600172392562,0.271961636,0.007634681,0.264326955,0.728038364,0.55115236,0.320413437,0.176886005
"57","Austria","01/01/2004",8.172,3431.3,44.2,NA,3431.3,3431.3,419.884973078806,0.271961636,0.007634681,0.264326955,0.728038364,0.55115236,0.320413437,0.176886005
"58","Austria","01/01/2005",8.228,3475.3,40.679,NA,3475.3,3475.3,422.374817695673,0.271961636,0.007634681,0.264326955,0.728038364,0.55115236,0.320413437,0.176886005
"59","Austria","01/01/2006",8.269,3511.5,45.14,NA,3511.5,3511.5,424.658362558955,0.271961636,0.007634681,0.264326955,0.728038364,0.55115236,0.320413437,0.176886005
"60","Austria","01/01/2007",8.295,3540.9,53.587,NA,3540.9,3540.9,426.871609403255,0.271961636,0.007634681,0.264326955,0.728038364,0.55115236,0.320413437,0.176886005
"61","Austria","01/01/2008",8.321,3568.8,60.624,NA,3568.8,3568.8,428.890758322317,0.271961636,0.007634681,0.264326955,0.728038364,0.55115236,0.320413437,0.176886005
"62","Austria","01/01/2009",8.343,3597.1,42.455,NA,3597.1,3597.1,431.151863837948,0.271961636,0.007634681,0.264326955,0.728038364,0.55115236,0.320413437,0.176886005
"63","Austria","01/01/2010",8.363,3623.8,41.071,NA,3623.8,3623.8,433.313404280761,0.22890664,0.003149122,0.225757518,0.77109336,0.497138907,0.320413437,0.273954453
"64","Austria","01/01/2011",8.392,3652.8,46.376,NA,3652.8,3652.8,435.271687321258,0.260758558,0.004871166,0.255887392,0.739241442,0.448768771,0.320413437,0.290472671
"65","Austria","01/01/2012",8.43,3685.5,48.801,NA,3685.5,3685.5,437.188612099644,0.226997948,0.005361137,0.221636811,0.773002052,0.467380253,0.320413437,0.305621799
"66","Austria","01/01/2013",8.48,3722.2,51.245,NA,3722.2,3722.2,438.938679245283,0.263466754,0.003386209,0.260080546,0.736533246,0.429736172,0.320413437,0.306797074
"67","Austria","01/01/2014",8.546,3768.9,53.645,NA,3768.9,3768.9,441.01333957407,0.245922365,0.005197521,0.240724844,0.754077635,0.421139709,0.320413437,0.332937926
"68","Austria","01/01/2015",8.643,3816.8,58.373,NA,3816.8,3816.8,441.605923869027,0.211147541,0.003397914,0.207749627,0.788852459,0.407555887,0.320413437,0.381296572
"69","Austria","01/01/2016",8.737,3864.8,55.97,NA,3864.8,3864.8,442.348632253634,0.229868597,0.004587825,0.225280772,0.770131403,0.370539799,0.320413437,0.399591604
"70","Austria","01/01/2017",8.798,3890.1,NA,NA,3890.1,3890.1,442.1573084792,0.266896956,0.006850117,0.260046838,0.733103044,0.324004684,0.320413437,0.409098361
"71","Austria","01/01/2018",8.841,3916.1,NA,NA,3916.1,3916.1,442.947630358557,0.191963553,0.010192634,0.181770919,0.808036447,0.380794068,0.320413437,0.427242379
"72","Austria","01/01/2019",8.88,3949.9,NA,NA,3949.9,3949.9,444.808558558559,0.196820653,0.015767303,0.18105335,0.803179347,0.327124468,0.320413437,0.47605488
"73","Austria","01/01/2020",8.917,3988.4,NA,NA,3988.4,3988.4,447.280475496243,0.180580233,0.006627154,0.173953078,0.819419767,0.373779294,0.320413437,0.445640474
"74","Belgium","01/01/1948",8.557,2888,24.4,NA,2623.658079,2888,306.60956865724,0.163,0.001,0.162,0.837,0.447,0.01,0.022
"75","Belgium","01/01/1949",8.614,NA,36.2,NA,2658.277293,2904.996419,308.599639308103,0.163,0.001,0.162,0.837,0.447,0.01,0.022
"76","Belgium","01/01/1950",8.639,NA,44.7,NA,2701.025328,2930.121659,312.654859127214,0.163,0.001,0.162,0.837,0.447,0.01,0.022
"77","Belgium","01/01/1951",8.678,NA,35.5,NA,2734.975109,2946.448646,315.161916224937,0.163,0.001,0.162,0.837,0.447,0.01,0.022
"78","Belgium","01/01/1952",8.73,NA,33.3,NA,2766.820961,2960.671703,316.932527033219,0.163,0.001,0.162,0.837,0.447,0.01,0.022
"79","Belgium","01/01/1953",8.778,NA,39.2,NA,2804.30917,2980.537118,319.470172020961,0.163,0.001,0.162,0.837,0.447,0.01,0.022
"80","Belgium","01/01/1954",8.819,NA,44.9,NA,2847.248472,3005.853624,322.85389182447,0.163,0.001,0.162,0.837,0.447,0.01,0.022
"81","Belgium","01/01/1955",8.868,NA,44.6,NA,2889.900873,3030.883231,325.879665426252,0.163,0.001,0.162,0.837,0.447,0.01,0.022
"82","Belgium","01/01/1956",8.924,NA,43.8,NA,2931.78821,3055.147773,328.528486104886,0.163,0.001,0.162,0.837,0.447,0.01,0.022
"83","Belgium","01/01/1957",8.989,NA,49.9,NA,2979.50917,3085.245939,331.461694293025,0.163,0.001,0.162,0.837,0.447,0.01,0.022
"84","Belgium","01/01/1958",9.053,NA,41.1,NA,3018.81441,3106.928384,333.460113774439,0.163,0.001,0.162,0.837,0.447,0.01,0.022
"85","Belgium","01/01/1959",9.104,NA,44.5,NA,3061.371179,3131.862358,336.26660577768,0.163,0.001,0.162,0.837,0.447,0.01,0.022
"86","Belgium","01/01/1960",9.153,NA,48.9,NA,3108.135808,3161.004192,339.575637277395,0.163,0.001,0.162,0.837,0.447,0.01,0.022
"87","Belgium","01/01/1961",9.184,NA,51.2,NA,3157.1,3192.34559,343.760888501742,0.163,0.001,0.162,0.837,0.447,0.01,0.022
"88","Belgium","01/01/1962",9.221,NA,45.8,2,3200.9,3218.522795,347.131547554495,0.163,0.001,0.162,0.837,0.447,0.01,0.022
"89","Belgium","01/01/1963",9.29,3236.3,39.8,4.4,3236.3,3236.3,348.363832077503,0.163,0.001,0.162,0.837,0.447,0.01,0.022
"90","Belgium","01/01/1964",9.378,3299.6,52.9,0.3,3299.6,3299.6,351.844743015568,0.003,0.002,0.001,0.997,0.746,0.01,0.241
"91","Belgium","01/01/1965",9.464,3368.1,68.9,0.4,3368.1,3368.1,355.885460693153,0.004,0.003,0.001,0.995,0.722,0.007,0.266
"92","Belgium","01/01/1966",9.528,3397.3,53.6,5.2,3397.3,3397.3,356.559613769941,0.00933333333333333,0.008,0.00133333333333333,0.989333333333333,0.698666666666667,0.007,0.286
"93","Belgium","01/01/1967",9.581,3449.2,56.4,4.5,3449.2,3449.2,360.004174929548,0.0146666666666667,0.013,0.00166666666666667,0.983666666666667,0.675333333333333,0.007,0.306
"94","Belgium","01/01/1968",9.619,3494.4,49.1,3.9,3494.4,3494.4,363.281006341616,0.02,0.018,0.002,0.978,0.652,0.007,0.326
"95","Belgium","01/01/1969",9.646,3548.8,58.2,3.8,3548.8,3548.8,367.903794318889,0.034,0.032,0.002,0.96,0.643,0.007,0.317
"96","Belgium","01/01/1970",9.66,3590.9,46,3.9,3590.9,3590.9,371.728778467909,0.044,0.04,0.004,0.953,0.608,0.007,0.345
"97","Belgium","01/01/1971",9.67,3631.7,44.4,3.4,3631.7,3631.7,375.563598759049,0.026,0.022,0.004,0.9725,0.6175,0.007,0.3445
"98","Belgium","01/01/1972",9.71,3681.9,53.5,3.4,3681.9,3681.9,379.18640576725,0.008,0.004,0.004,0.992,0.627,0.021,0.344
"99","Belgium","01/01/1973",9.74,3742.5,64.1,3.5,3742.5,3742.5,384.240246406571,0.01,0.009,0.001,0.99,0.637,0.013,0.34
"100","Belgium","01/01/1974",9.77,3806.1,67.4,3.8,3806.1,3806.1,389.57011258956,0.009,0.006,0.003,0.991,0.643,0.013,0.335
"101","Belgium","01/01/1975",9.8,3882.5,80.3,3.8,3882.5,3882.5,396.173469387755,0.007,0.002,0.005,0.993,0.64,0.024,0.329
"102","Belgium","01/01/1976",9.82,3639.4,78.4,NA,3639.4,3639.4,370.61099796334,0.006,0.003,0.003,0.974,0.565,0.017,0.392
"103","Belgium","01/01/1977",9.83,3685.8,74.5,NA,3685.8,3685.8,374.954221770092,0.01,0.006,0.004,0.981,0.582,0.009,0.39
"104","Belgium","01/01/1978",9.84,3730.1,68.1,25,3730.1,3730.1,379.075203252033,0.006,0.001,0.005,0.994,0.609,0.019,0.366
"105","Belgium","01/01/1979",9.85,3768.7,70.5,0,3768.7,3768.7,382.609137055838,0.1178,0.00655,0.10975,0.8822,0.7305,0.0231,0.2555
"106","Belgium","01/01/1980",9.86,3810.7,48.6,27.2,3810.7,3810.7,386.480730223124,0.2296,0.0121,0.2145,0.7704,0.852,0.0272,0.145
"107","Belgium","01/01/1981",9.85,3947.6,34,NA,3947.6,3947.6,400.771573604061,0.2202,0.0275,0.1927,0.7798,0.6055,0.0275,0.1468
"108","Belgium","01/01/1982",9.85,3939.2,29,9,3939.2,3939.2,399.918781725888,0.1958,0.021,0.1748,0.8042,0.6503,0.035,0.1189
"109","Belgium","01/01/1983",9.86,3959.2,29.3,NA,3959.2,3959.2,401.541582150101,0.075,0.0107,0.1268,0.925,0.6321,0.0393,0.2536
"110","Belgium","01/01/1984",9.85,3979.5,25.6,NA,3979.5,3979.5,404.010152284264,0.1036,0.0164,0.086,0.8964,0.7286,0.0082,0.1596
"111","Belgium","01/01/1985",9.86,3997.1,30.3,NA,3997.1,3997.1,405.385395537525,0.0114,0.0041,0.0073,0.9886,0.7847,0.0024,0.2008
"112","Belgium","01/01/1986",9.86,NA,25.9,NA,3926.211494,3926.211494,398.19589188641,0.0135,0.0111,0.0025,0.9865,0.8023,0.0012,0.1858
"113","Belgium","01/01/1987",9.88,NA,30.7,NA,3858.633333,3858.633333,390.549932489879,0.0068,0.0034,0.0034,0.9932,0.7823,0.002,0.2075
"114","Belgium","01/01/1988",9.93,3795.4,37,NA,3795.4,3795.4,382.215508559919,0.0083,0.0055,0.0028,0.9917,0.7624,0.0028,0.2265
"115","Belgium","01/01/1989",9.95,NA,44.4,NA,3824.248276,3824.248276,384.34656040201,0.007799635,0.00518309,0.002616545,0.992200365,0.7364311435,0.005049635,0.2519361315
"116","Belgium","01/01/1990",9.96,3852.2,43.1,NA,3852.2,3852.2,386.767068273092,0.00729927,0.00486618,0.00243309,0.99270073,0.710462287,0.00729927,0.277372263
"117","Belgium","01/01/1991",10,NA,46.6,NA,3856.364828,3856.364828,385.6364828,0.002202643,0.002202643,0.003147613,0.997797357,0.682819383,0.00660793,0.308370044
"118","Belgium","01/01/1992",10.05,NA,49.7,NA,3862.667586,3862.667586,384.345033432836,0.004282655,0.002141328,0.003862136,0.995717345,0.672376874,0.010706638,0.312633833
"119","Belgium","01/01/1993",10.08,NA,47.5,NA,3867.453103,3867.453103,383.675903075397,0.006864989,0.00228833,0.004576659,0.993135011,0.659038902,0.011441648,0.320366133
"120","Belgium","01/01/1994",10.12,3891.8,55.72,3.4,3891.8,3891.8,384.565217391304,0.006864989,0.00228833,0.004576659,0.993135011,0.659038902,0.011441648,0.320366133
"121","Belgium","01/01/1995",10.14,3931.4,41.6,2,3931.4,3931.4,387.712031558185,0.006864989,0.00228833,0.004576659,0.993135011,0.659038902,0.011441648,0.320366133
"122","Belgium","01/01/1996",10.16,3974.4,48.524,3.3,3974.4,3974.4,391.181102362205,0.006864989,0.00228833,0.004576659,0.993135011,0.659038902,0.011441648,0.320366133
"123","Belgium","01/01/1997",10.18,NA,49.927,NA,4041.801816,4041.801816,397.033577210216,0.006864989,0.00228833,0.004576659,0.993135011,0.659038902,0.011441648,0.320366133
"124","Belgium","01/01/1998",10.2,4093.055,32.6,NA,4093.055,4093.055,401.279901960784,0.006864989,0.00228833,0.004576659,0.993135011,0.659038902,0.011441648,0.320366133
"125","Belgium","01/01/1999",10.23,NA,45.72,NA,4124.568064,4124.568064,403.183583968719,0.006864989,0.00228833,0.004576659,0.993135011,0.659038902,0.011441648,0.320366133
"126","Belgium","01/01/2000",10.25,NA,38.9,NA,4149.72494,4149.72494,404.851213658537,0.006864989,0.00228833,0.004576659,0.993135011,0.659038902,0.011441648,0.320366133
"127","Belgium","01/01/2001",10.29,4176.839,41,NA,4176.839,4176.839,405.912439261419,0.006864989,0.00228833,0.004576659,0.993135011,0.659038902,0.011441648,0.320366133
"128","Belgium","01/01/2002",10.33,4198.089,36.5,NA,4198.089,4198.089,406.397773475315,0.006864989,0.00228833,0.004576659,0.993135011,0.659038902,0.011441648,0.320366133
"129","Belgium","01/01/2003",10.38,4219.349,40.7,NA,4219.349,4219.349,406.488342967245,0.006864989,0.00228833,0.004576659,0.993135011,0.659038902,0.011441648,0.320366133
"130","Belgium","01/01/2004",10.42,4239.099,46.2,NA,4239.099,4239.099,406.823320537428,0.006864989,0.00228833,0.004576659,0.993135011,0.659038902,0.011441648,0.320366133
"131","Belgium","01/01/2005",10.48,4257.315,59.384,NA,4257.315,4257.315,406.232347328244,0.006864989,0.00228833,0.004576659,0.993135011,0.659038902,0.011441648,0.320366133
"132","Belgium","01/01/2006",10.55,4278.2,61.158,NA,4278.2,4278.2,405.516587677725,0.006864989,0.00228833,0.004576659,0.993135011,0.659038902,0.011441648,0.320366133
"133","Belgium","01/01/2007",10.63,4300.465,54.096,NA,4300.465,4300.465,404.559266227658,0.006864989,0.00228833,0.004576659,0.993135011,0.659038902,0.011441648,0.320366133
"134","Belgium","01/01/2008",10.71,4324.853,53.106,NA,4324.853,4324.853,403.814472455649,0.006864989,0.00228833,0.004576659,0.993135011,0.659038902,0.011441648,0.320366133
"135","Belgium","01/01/2009",10.8,4350.349,45.867,NA,4350.349,4350.349,402.810092592593,0.006864989,0.00228833,0.004576659,0.993135011,0.659038902,0.011441648,0.320366133
"136","Belgium","01/01/2010",10.9,4372.881,50.545,NA,4372.881,4372.881,401.181743119266,0.006864989,0.00228833,0.004576659,0.993135011,0.659038902,0.011441648,0.320366133
"137","Belgium","01/01/2011",11.04,4394.166,44.36,NA,4394.166,4394.166,398.022282608696,0.006864989,0.00228833,0.004576659,0.993135011,0.659038902,0.011441648,0.320366133
"138","Belgium","01/01/2012",11.11,4414.486,46.813,NA,4414.486,4414.486,397.343474347435,0.006864989,0.00228833,0.004576659,0.993135011,0.659038902,0.011441648,0.320366133
"139","Belgium","01/01/2013",11.16,4435.838,49.141,NA,4435.838,4435.838,397.476523297491,0.006864989,0.00228833,0.004576659,0.993135011,0.659038902,0.011441648,0.320366133
"140","Belgium","01/01/2014",11.21,4455.157,54.903,NA,4455.157,4455.157,397.427029438002,0.006864989,0.00228833,0.004576659,0.993135011,0.659038902,0.011441648,0.320366133
"141","Belgium","01/01/2015",11.27,4472.925,46.181,NA,4472.925,4472.925,396.887755102041,0.006864989,0.00228833,0.004576659,0.993135011,0.659038902,0.011441648,0.320366133
"142","Belgium","01/01/2016",11.33,4491.496,51.528,NA,4491.496,4491.496,396.42506619594,0.006864989,0.00228833,0.004576659,0.993135011,0.659038902,0.011441648,0.320366133
"143","Belgium","01/01/2017",11.38,4511.118,50.413,NA,4511.118,4511.118,396.40755711775,0.006864989,0.00228833,0.004576659,0.993135011,0.659038902,0.011441648,0.320366133
"144","Belgium","01/01/2018",11.43,4532.027,NA,NA,4532.027,4532.027,396.502799650044,0.006864989,0.00228833,0.004576659,0.993135011,0.659038902,0.011441648,0.320366133
"145","Belgium","01/01/2019",11.49,4552.745,NA,NA,4552.745,4552.745,396.235422106179,0.006864989,0.00228833,0.004576659,0.993135011,0.659038902,0.011441648,0.320366133
"146","Belgium","01/01/2020",11.54,4573.099,NA,NA,4573.099,4573.099,396.282409012132,0.006864989,0.00228833,0.004576659,0.993135011,0.659038902,0.011441648,0.320366133
"147","Belgium","01/01/2021",NA,NA,NA,NA,NA,NA,NA,NA,NA,NA,NA,NA,NA,NA
"148","Denmark","01/01/1948",4.19,NA,16.9,NA,1317.796482,1317.796482,314.509900238663,0.485,0.13,0.355,0.515,0.348,0.2368,NA
"149","Denmark","01/01/1949",4.23,NA,21,NA,1327.821608,1327.821608,313.90581749409,0.528,0.095,0.433,0.472,0.348,0.2368,NA
"150","Denmark","01/01/1950",4.27,NA,17.5,NA,1336.175879,1336.175879,312.921751522248,0.537,0.097,0.44,0.463,0.348,0.2368,NA
"151","Denmark","01/01/1951",4.304,NA,18,NA,1344.768844,1344.768844,312.446292750929,0.533,0.061,0.472,0.467,0.348,0.2368,NA
"152","Denmark","01/01/1952",4.334,NA,16.3,NA,1352.550251,1352.550251,312.078968850946,0.537,0.056,0.481,0.463,0.348,0.2368,NA
"153","Denmark","01/01/1953",4.369,NA,18.3,NA,1361.286432,1361.286432,311.578492103456,0.484,0.044,0.44,0.516,0.348,0.2368,NA
"154","Denmark","01/01/1954",4.406,NA,19.3,NA,1370.5,1370.5,311.053109396278,0.43,0.056,0.374,0.57,0.348,0.2368,NA
"155","Denmark","01/01/1955",4.439,1380,19.9,10.4,1380,1380,310.880829015544,0.533,0.045,0.488,0.467,0.348,0.2368,NA
"156","Denmark","01/01/1956",4.466,NA,16.4,9.8,1395.64,1395.64,312.503358710255,0.512,0.067,0.445,0.488,0.348,0.2368,NA
"157","Denmark","01/01/1957",4.5,NA,23,10.7,1416.98,1416.98,314.884444444444,0.565,0.078,0.487,0.435,0.348,0.2368,NA
"158","Denmark","01/01/1958",4.515,NA,21,NA,1437.250435,1437.250435,318.327892580288,0.494,0.041,0.453,0.506,0.348,0.2368,NA
"159","Denmark","01/01/1959",4.547,NA,26.2,NA,1460.301739,1460.301739,321.157189135694,0.454,0.032,0.422,0.546,0.31,0.2368,NA
"160","Denmark","01/01/1960",4.581,NA,28,NA,1484.315652,1484.315652,324.015641126392,0.323,0.048,0.275,0.677,0.219,0.2368,NA
"161","Denmark","01/01/1961",4.61,NA,31.6,NA,1510.254783,1510.254783,327.604074403471,0.266,0.031,0.235,0.734,0.094,0.2368,NA
"162","Denmark","01/01/1962",4.647,NA,33.4,NA,1537.156522,1537.156522,330.784704540564,0.311,0.028,0.283,0.689,0.056,0.2368,NA
"163","Denmark","01/01/1963",4.684,NA,33.4,NA,1564.058261,1564.058261,333.915085610589,0.363,0.017,0.346,0.637,0.033,0.2368,NA
"164","Denmark","01/01/1964",4.72,NA,38.9,NA,1593.901304,1593.901304,337.690954237288,0.359,0.023,0.336,0.641,0.023,0.2368,NA
"165","Denmark","01/01/1965",4.758,1624.6,40.5,NA,1624.6,1624.6,341.445985708281,0.301,0.031,0.27,0.699,0.058,0.2368,NA
"166","Denmark","01/01/1966",4.797,1660,39.6,4.2,1660,1660,346.049614342297,0.344,0.028,0.316,0.656,0.036,0.2368,NA
"167","Denmark","01/01/1967",4.839,1699.6,44.3,4.8,1699.6,1699.6,351.229592891093,0.31,0.015,0.295,0.69,0.066,0.2368,NA
"168","Denmark","01/01/1968",4.86,1739.7,44.7,4.6,1739.7,1739.7,357.962962962963,0.383,0.018,0.365,0.617,0.061,0.2368,NA
"169","Denmark","01/01/1969",4.89,1784.7,49.7,4.7,1784.7,1784.7,364.969325153374,0.344,0.02,0.324,0.656,0.656,0.2368,NA
"170","Denmark","01/01/1970",4.93,1830,50.6,5.3,1830,1830,371.196754563895,0.295,0.022,0.273,0.705,0.705,0.2368,NA
"171","Denmark","01/01/1971",4.96,1874.7,50.2,5.5,1874.7,1874.7,377.963709677419,0.307,0.028,0.279,0.693,0.693,0.2368,NA
"172","Denmark","01/01/1972",4.99,1895.2,50,5.9,1895.2,1895.2,379.799599198397,0.261,0.021,0.24,0.735,0.693,0.2368,NA
"173","Denmark","01/01/1973",5.05,1945.7,55.6,5.1,1945.7,1945.7,385.287128712871,0.259,0.006,0.253,0.761,0.693,0.2368,NA
"174","Denmark","01/01/1974",5.05,1987.4,48.6,6.9,1987.4,1987.4,393.544554455446,0.253,0.018,0.235,0.747,0.693,0.2368,NA
"175","Denmark","01/01/1975",5.06,2016.9,35.5,6,2016.9,2016.9,398.596837944664,0.259,0.015,0.244,0.741,0.693,0.2368,NA
"176","Denmark","01/01/1976",5.07,2018.7,39.2,NA,2018.7,2018.7,398.165680473373,0.24,0.009,0.231,0.76,0.693,0.2368,NA
"177","Denmark","01/01/1977",5.09,2047.5,36.3,7.4,2047.5,2047.5,402.259332023576,0.188,0.011,0.177,0.812,0.693,0.2368,NA
"178","Denmark","01/01/1978",5.1,2073.7,34.2,8,2073.7,2073.7,406.607843137255,0.178,0.017,0.161,0.822,0.693,0.2368,NA
"179","Denmark","01/01/1979",5.12,2096.8,31.1,8,2096.8,2096.8,409.53125,0.167,0.011,0.156,0.833,0.693,0.2368,NA
"180","Denmark","01/01/1980",5.12,2161.9,30.3,8,2161.9,2119.1,422.24609375,0.0263,0.026,0.079550812,0.9737,0.7336,0.2368,NA
"181","Denmark","01/01/1981",5.12,2160.9,21.9,11.5,2160.9,2129.5,422.05078125,0.039591315,0.036489692,0.003101624,0.960408685,0.652526911,0.307881773,NA
"182","Denmark","01/01/1982",5.12,2188.4,20.8,13.2,2188.4,2137.1,427.421875,0.058551618,0.044973035,0.013578582,0.941448382,0.445781972,0.49566641,NA
"183","Denmark","01/01/1983",5.11,2200.7,22.1,10.6,2200.7,2148.6,430.665362035225,0.097508126,0.033405562,0.064102564,0.902491874,0.467226436,0.435265439,NA
"184","Denmark","01/01/1984",5.11,2228.7,26.7,8,2228.7,2167.3,436.14481409002,0.127238209,0.035625209,0.091612999,0.872761791,0.550310836,0.322450955,NA
"185","Denmark","01/01/1985",5.11,2260,22.6,8,2260,2181.9,442.270058708415,0.129429285,0.034076475,0.09535281,0.870570715,0.599404319,0.271166397,NA
"186","Denmark","01/01/1986",5.12,2280.5,28.5,8,2280.5,2202.4,445.41015625,0.098985573,0.038716698,0.060268876,0.901014427,0.678612798,0.222401629,NA
"187","Denmark","01/01/1987",5.13,2282.3,27.9,8,2282.3,2222.3,444.892787524366,0.093490827,0.021828887,0.071661939,0.906509173,0.633863498,0.272645676,NA
"188","Denmark","01/01/1988",5.13,2306.8,25.5,NA,2306.8,2243.086015,449.668615984406,0.132060922,0.022170812,0.10989011,0.867939078,0.573279352,0.294659726,NA
"189","Denmark","01/01/1989",5.13,2353,27,NA,2353,2265.094738,458.674463937622,0.131232519,0.036621294,0.094611225,0.868767481,0.533992169,0.334775312,NA
"190","Denmark","01/01/1990",5.14,2375,27,NA,2375,2287.10346,462.062256809339,0.145500606,0.057128171,0.088372435,0.854499394,0.463230165,0.391269229,NA
"191","Denmark","01/01/1991",5.154,2353,20,NA,2353,2303.406217,456.538610787738,0.134494058,0.042989192,0.091504866,0.865505942,0.444857436,0.420648506,NA
"192","Denmark","01/01/1992",5.171,2290.617,16,NA,2290.617,2316.448423,442.973699477857,0.190136117,0.066837576,0.123298541,0.809863883,0.480925349,0.328938534,NA
"193","Denmark","01/01/1993",5.189,2307.216,13,NA,2307.216,2327.045215,444.635960686067,0.208407048,0.090934824,0.117472224,0.791592952,0.440237775,0.351355177,NA
"194","Denmark","01/01/1994",5.206,2412.7,13.787,NA,2412.7,2338.28352,463.446023818671,0.160078335,0.088126496,0.071951839,0.839921665,0.530934939,0.308986727,NA
"195","Denmark","01/01/1995",5.233,2437,14,NA,2437,2349.69545,465.698452130709,0.175960898,0.119899282,0.056061616,0.824039102,0.591572243,0.232466859,NA
"196","Denmark","01/01/1996",5.263,2447,14.239,NA,2447,2361.302198,464.94394831845,0.111454456,0.075075497,0.036378959,0.888545544,0.692464358,0.196081185,NA
"197","Denmark","01/01/1997",5.285,2461,18,NA,2461,2375.97468,465.65752128666,0.092186178,0.0651622,0.027023977,0.907813822,0.660197461,0.247616361,NA
"198","Denmark","01/01/1998",5.304,2476,17,NA,2476,2389.832023,466.817496229261,0.115172261,0.082818021,0.03235424,0.884827739,0.683027827,0.201799912,NA
"199","Denmark","01/01/1999",5.322,2403.885,17.24,NA,2403.885,2403.885,451.688275084555,0.1225058,0.083700696,0.038805104,0.8774942,0.731032483,0.146461717,NA
"200","Denmark","01/01/2000",5.34,2414.513,16.331,NA,2414.513,2414.513,452.155992509363,0.120262078,0.06619313,0.054068949,0.879737922,0.681342233,0.198395689,NA
"201","Denmark","01/01/2001",5.359,2425.585,17.387,NA,2425.585,2425.585,452.618958760963,0.144705815,0.068556968,0.076148847,0.855294185,0.72306896,0.132225226,NA
"202","Denmark","01/01/2002",5.376,2436.341,18.814,NA,2436.341,2436.341,453.188430059524,0.162910598,0.089454661,0.073455937,0.837089402,0.653183799,0.183905602,NA
"203","Denmark","01/01/2003",5.391,2448.095,23.784,NA,2448.095,2448.095,454.107772212947,0.150899765,0.068407333,0.082492432,0.849100235,0.643541877,0.205558359,NA
"204","Denmark","01/01/2004",5.405,2460.755,26.258,NA,2460.755,2460.755,455.27382053654,0.171217487,0.066719982,0.104497506,0.828782513,0.664305571,0.164476941,NA
"205","Denmark","01/01/2005",5.419,2487.91,27.287,NA,2487.91,2487.91,459.108691640524,0.172420111,0.06739226,0.105027851,0.827579889,0.73783348,0.089746409,NA
"206","Denmark","01/01/2006",5.437,2503.974,29.076,NA,2503.974,2503.974,460.543314327754,0.143250879,0.074381589,0.06886929,0.856749121,0.800110246,0.056638875,NA
"207","Denmark","01/01/2007",5.461,2516.859,31.315,NA,2516.859,2516.859,460.878776780809,0.118941184,0.055144007,0.063797177,0.881058816,0.824190561,0.056868255,NA
"208","Denmark","01/01/2008",5.494,2530.494,26.778,NA,2530.494,2530.494,460.592282489989,0.08000448,0.049242141,0.030762339,0.91999552,0.865526768,0.054468752,NA
"209","Denmark","01/01/2009",5.523,2548.24,19.032,NA,2548.24,2548.24,461.386927394532,0.095391098,0.078535686,0.016855412,0.904608902,0.857361075,0.047247827,NA
"210","Denmark","01/01/2010",5.548,2558.501,12.354,NA,2558.501,2558.501,461.157354001442,0.127488113,0.116850673,0.010637441,0.872511887,0.811266017,0.06124587,NA
"211","Denmark","01/01/2011",5.571,2573.136,13.439,NA,2573.136,2573.136,461.880452342488,0.079249759,0.068722663,0.010527096,0.920750241,0.789161539,0.131588702,NA
"212","Denmark","01/01/2012",5.592,2583.373,17.648,NA,2583.373,2583.373,461.976573676681,0.082935326,0.077147834,0.005787492,0.917064674,0.648873406,0.268191268,NA
"213","Denmark","01/01/2013",5.615,2597.968,16.664,NA,2597.968,2597.968,462.683526268922,0.088725138,0.08519051,0.003534627,0.911274862,0.632398754,0.278876108,NA
"214","Denmark","01/01/2014",5.643,2612.049,15.73,NA,2612.049,2612.049,462.883040935673,0.058249968,0.05533747,0.002912498,0.941750032,0.788590604,0.153159428,NA
"215","Denmark","01/01/2015",5.683,2628.338,15.01,NA,2628.338,2628.338,462.491289811719,0.036731188,0.034881416,0.001849772,0.963268812,0.81720288,0.146065931,NA
"216","Denmark","01/01/2016",5.728,2646.244,21.023,NA,2646.244,2646.244,461.983938547486,0.031159866,0.029315807,0.001844059,0.968840134,0.828313395,0.140526739,NA
"217","Denmark","01/01/2017",5.765,2662.595,25.409,NA,2662.595,2662.595,461.855160450997,0.028341032,0.026188053,0.002152979,0.971658968,0.890511235,0.081147734,NA
"218","Denmark","01/01/2018",5.794,2679.112,28.401,NA,2679.112,2679.112,462.39420089748,0.021884879,0.018758467,0.003126411,0.978115121,0.891339841,0.086775281,NA
"219","Denmark","01/01/2019",5.814,2697.482,32.058,NA,2697.482,2697.482,463.963192294462,0.02000236,0.019028794,0.000973566,0.97999764,0.86396625,0.11603139,NA
"220","Denmark","01/01/2020",5.831,2719.947,NA,NA,2719.947,2719.947,466.463213856971,0.032749348,0.027104745,0.005644603,0.967250652,0.859310932,0.10793972,NA
"221","Denmark","01/01/2021",NA,NA,NA,NA,NA,NA,NA,NA,NA,NA,NA,NA,NA,NA
"222","Finland","01/01/1948",3.912,NA,5.5,NA,995.1965035,995.1965035,254.395834228016,0.109,0.109,0.0443,0.891,0.373,0.782,0.109
"223","Finland","01/01/1949",3.963,NA,6.6,NA,996.9041958,996.9041958,251.55291339894,0.182,0.182,0.0443,0.818,0.373,0.773,0.045
"224","Finland","01/01/1950",4.009,999,8.1,NA,999,999,249.189324020953,0.148,0.148,0.0443,0.852,0.373,0.815,0.037
"225","Finland","01/01/1951",4.047,NA,9.7,NA,1018.593706,1018.593706,251.691056585125,0.093,0.093,0.0443,0.907,0.373,0.876,0.031
"226","Finland","01/01/1952",4.091,NA,12.5,NA,1038.911888,1038.911888,253.950595942312,0.136,0.136,0.0443,0.864,0.373,0.832,0.032
"227","Finland","01/01/1953",4.141,NA,10.9,NA,1058.816084,1058.816084,255.690916203816,0.193,0.193,0.0443,0.807,0.373,0.789,0.018
"228","Finland","01/01/1954",4.191,1079.6,14.3,10.6,1079.6,1079.6,257.599618229539,0.169,0.169,0.0443,0.831,0.373,0.824,0.007
"229","Finland","01/01/1955",4.241,1102.2,16.9,10.6,1102.2,1102.2,259.891535015327,0.107,0.107,0.0443,0.875,0.373,0.467,0.035
"230","Finland","01/01/1956",4.291,1122.1,19.1,10.6,1122.1,1122.1,261.500815660685,0.105,0.105,0.0443,0.874,0.356,0.476,0.042
"231","Finland","01/01/1957",4.336,1144.2,19.6,10.6,1144.2,1144.2,263.883763837638,0.087,0.087,0.0443,0.901,0.322,0.56,0.019
"232","Finland","01/01/1958",4.36,1170.1,30,9.4,1170.1,1170.1,268.371559633027,0.101,0.101,0.0443,0.883,0.509,0.344,0.03
"233","Finland","01/01/1959",4.395,1190.7,30,9.4,1190.7,1190.7,270.921501706485,0.072,0.072,0.0443,0.491,0.459,0.402333333333333,0.032
"234","Finland","01/01/1960",4.43,1211.2,31.5,9.9,1211.2,1211.2,273.408577878104,0.045,0.045,0.0443,0.491,0.437,0.460666666666667,0.054
"235","Finland","01/01/1961",4.467,1236.8,37.3,11.7,1236.8,1236.8,276.874860085068,0.054,0.054,0.0443,0.929,0.366,0.519,0.044
"236","Finland","01/01/1962",4.505,NA,37.4,11.8,1262.45,1262.45,280.23307436182,0.062,0.062,0.0443,0.923,0.335,0.53,0.058
"237","Finland","01/01/1963",4.543,1292.7,44.1,13.9,1292.7,1292.7,284.547655734096,0.055,0.055,0.0443,0.929,0.297,0.571,0.061
"238","Finland","01/01/1964",4.58,1317,35.4,11.1,1317,1317,287.554585152838,0.085,0.085,0.0443,0.89,0.324,0.526,0.04
"239","Finland","01/01/1965",4.612,1342.2,36.7,11.5,1342.2,1342.2,291.023417172593,0.091,0.091,0.0443,0.895,0.295,0.552,0.048
"240","Finland","01/01/1966",4.637,1367.4,36.5,11.3,1367.4,1367.4,294.888936812594,0.079,0.079,0.0443,0.892,0.305,0.535,0.052
"241","Finland","01/01/1967",4.664,1394.3,38.7,11.8,1394.3,1394.3,298.949399656947,0.0955,0.0955,0.0443,0.8665,0.3105,0.509,0.047
"242","Finland","01/01/1968",4.689,1418.3,36,12,1418.3,1418.3,302.473875026658,0.112,0.112,0.0443,0.841,0.316,0.483,0.042
"243","Finland","01/01/1969",4.703,1446.5,40.5,12.3,1446.5,1446.5,307.569636402296,0.074,0.074,0.0443,0.835,0.28,0.55,0.005
"244","Finland","01/01/1970",4.61,1463.7,40.7,NA,1463.7,1463.7,317.505422993492,0.0736666666666667,0.0736666666666667,0.0443,0.567,0.251,0.568,0.152
"245","Finland","01/01/1971",4.62,1499.1,50.5,15.1,1499.1,1499.1,324.480519480519,0.0733333333333333,0.0733333333333333,0.0443,0.299,0.222,0.586,0.299
"246","Finland","01/01/1972",4.64,NA,59.9,NA,1519.697505,1519.697505,327.521014008621,0.073,0.073,0.0443,0.854,0.193,0.604,0.057
"247","Finland","01/01/1973",4.67,NA,62.4,NA,1542.047485,1542.047485,330.2028875803,0.059,0.059,0.0443,0.881,0.223,0.616,0.042
"248","Finland","01/01/1974",4.69,NA,73,NA,1571.82796,1571.82796,335.144554371002,0.049,0.049,0.0443,0.899,0.201,0.647,0.051
"249","Finland","01/01/1975",4.71,NA,69.4,NA,1599.084871,1599.084871,339.508465180467,0.052,0.052,0.0443,0.892,0.241,0.603,0.048
"250","Finland","01/01/1976",4.73,1618,57.5,NA,1618,1618,342.071881606765,0.066,0.066,0.0443,0.873,0.293,0.539,0.041
"251","Finland","01/01/1977",4.74,NA,57,NA,1675.81846,1675.81846,353.548198312236,0.084,0.084,0.0443,0.857,0.313,0.519,0.025
"252","Finland","01/01/1978",4.75,NA,55.3,NA,1732.445238,1732.445238,364.725313263158,0.075,0.075,0.0443,0.867,0.332,0.511,0.024
"253","Finland","01/01/1979",4.76,NA,50.1,NA,1785.426866,1785.426866,375.089677731092,0.0898,0.0677,0.0443,0.8812,0.34005,0.51605,0.0251
"254","Finland","01/01/1980",4.78,1838.058,49.6,NA,1838.058,1838.058,384.530962343096,0.1046,0.0604,0.0443,0.8954,0.3481,0.5211,0.0262
"255","Finland","01/01/1981",4.8,NA,47,NA,1872.458473,1872.458473,390.095515208333,0.0979,0.0553,0.0426,0.9021,0.3489,0.5319,0.0213
"256","Finland","01/01/1982",4.83,NA,46,NA,1906.157955,1906.157955,394.649680124224,0.0667,0.0312,0.0354,0.9333,0.3708,0.5396,0.0229
"257","Finland","01/01/1983",4.86,NA,50.5,NA,1943.011894,1943.011894,399.79668600823,0.0594,0.0323,0.0271,0.9406,0.3545,0.5556,0.0305
"258","Finland","01/01/1984",4.88,NA,49.5,NA,1979.164842,1979.164842,405.566565983607,0.0513,0.0278,0.0234,0.9487,0.3228,0.5938,0.0322
"259","Finland","01/01/1985",4.9,NA,50.3,NA,2015.878582,2015.878582,411.403792244898,0.0565,0.0292,0.0273,0.9435,0.308,0.575,0.0409
"260","Finland","01/01/1986",4.92,NA,41.3,NA,2046.283411,2046.283411,415.911262398374,0.0565,0.0292,0.0273,0.9435,0.308,0.575,0.0409
"261","Finland","01/01/1987",4.93,NA,43.1,NA,2077.950022,2077.950022,421.490876673428,0.0565,0.0292,0.0273,0.9435,0.308,0.575,0.0409
"262","Finland","01/01/1988",4.95,2112,46.5,NA,2112,2112,426.666666666667,0.0565,0.0292,0.0273,0.9435,0.308,0.575,0.0409
"263","Finland","01/01/1989",4.96,2153,57,NA,2153,2153,434.072580645161,0.051326923,0.0222923075,0.0290346155,0.948673077,0.300153846,0.5951923075,0.043526923
"264","Finland","01/01/1990",4.99,2210,65,NA,2210,2210,442.885771543086,0.046153846,0.015384615,0.030769231,0.953846154,0.292307692,0.615384615,0.046153846
"265","Finland","01/01/1991",5.014,2255.048,52,NA,2255.048,2255.048,449.750299162345,0.0636174635,0.021205821,0.0424116425,0.9363825365,0.308316008,0.5644490645,0.0636174635
"266","Finland","01/01/1992",5.042,2300.583,37,NA,2300.583,2300.583,456.283815946053,0.081081081,0.027027027,0.054054054,0.918918919,0.324324324,0.513513514,0.081081081
"267","Finland","01/01/1993",5.066,2331.585,30,NA,2331.585,2331.585,460.241808132649,0.096774194,0.032258065,0.032258065,0.903225806,0.290322581,0.548387097,0.064516129
"268","Finland","01/01/1994",5.088,2352,26.731,6,2352,2352,462.264150943396,0.037037037,0.032258065,0.032258065,0.962962963,0.290322581,0.548387097,0.064516129
"269","Finland","01/01/1995",5.108,2374,25,3,2374,2374,464.761158966327,0.04,0.032258065,0.032258065,0.96,0.290322581,0.548387097,0.064516129
"270","Finland","01/01/1996",5.125,2391,21.669,4,2391,2391,466.536585365854,0.047619048,0.032258065,0.032258065,0.952380952,0.290322581,0.548387097,0.064516129
"271","Finland","01/01/1997",5.14,2416,27.386,NA,2416,2416,470.038910505837,0.037037037,0.032258065,0.032258065,0.962962963,0.290322581,0.548387097,0.064516129
"272","Finland","01/01/1998",5.153,2450,30,NA,2450,2450,475.451193479527,0.033333333,0.032258065,0.032258065,0.966666667,0.290322581,0.548387097,0.064516129
"273","Finland","01/01/1999",5.165,2500.06,30.861,NA,2500.06,2500.06,484.038722168441,0.033333333,0.032258065,0.032258065,0.966666667,0.290322581,0.548387097,0.064516129
"274","Finland","01/01/2000",5.176,2516.741,35.198,NA,2516.741,2516.741,486.232805255023,0.033333333,0.032258065,0.032258065,0.966666667,0.290322581,0.548387097,0.064516129
"275","Finland","01/01/2001",5.188,2555.999,32.465,NA,2555.999,2555.999,492.675212027756,0.033333333,0.032258065,0.032258065,0.966666667,0.290322581,0.548387097,0.064516129
"276","Finland","01/01/2002",5.201,2587.427,29.415,NA,2587.427,2587.427,497.48644491444,0.033333333,0.032258065,0.032258065,0.966666667,0.290322581,0.548387097,0.064516129
"277","Finland","01/01/2003",5.213,2617.932,30.218,NA,2617.932,2617.932,502.192979090735,0.033333333,0.032258065,0.032258065,0.966666667,0.290322581,0.548387097,0.064516129
"278","Finland","01/01/2004",5.228,2648.79,33.079,NA,2648.79,2648.79,506.654552410099,0.033333333,0.032258065,0.032258065,0.966666667,0.290322581,0.548387097,0.064516129
"279","Finland","01/01/2005",5.246,2666.732,33.489,NA,2666.732,2666.732,508.336256195196,0.033333333,0.032258065,0.032258065,0.966666667,0.290322581,0.548387097,0.064516129
"280","Finland","01/01/2006",5.266,2700.365,33.561,NA,2700.365,2700.365,512.792442081276,0.033333333,0.032258065,0.032258065,0.966666667,0.290322581,0.548387097,0.064516129
"281","Finland","01/01/2007",5.289,2731.826,35.476,NA,2731.826,2731.826,516.510871620344,0.033333333,0.032258065,0.032258065,0.966666667,0.290322581,0.548387097,0.064516129
"282","Finland","01/01/2008",5.313,2767.925,31.018,NA,2767.925,2767.925,520.972143798231,0.033333333,0.032258065,0.032258065,0.966666667,0.290322581,0.548387097,0.064516129
"283","Finland","01/01/2009",5.339,2784.469,22.013,NA,2784.469,2784.469,521.533807829181,0.033333333,0.032258065,0.032258065,0.966666667,0.290322581,0.548387097,0.064516129
"284","Finland","01/01/2010",5.363,2807.505,25.149,NA,2807.505,2807.505,523.495245198583,0.033333333,0.032258065,0.032258065,0.966666667,0.290322581,0.548387097,0.064516129
"285","Finland","01/01/2011",5.388,2835.639,33.221,NA,2835.639,2835.639,526.287861915368,0.033333333,0.032258065,0.032258065,0.966666667,0.290322581,0.548387097,0.064516129
"286","Finland","01/01/2012",5.414,2865.568,33.409,NA,2865.568,2865.568,529.288511267085,0.033333333,0.032258065,0.032258065,0.966666667,0.290322581,0.548387097,0.064516129
"287","Finland","01/01/2013",5.439,2905.731,29.764,NA,2905.731,2905.731,534.239933811362,0.033333333,0.032258065,0.032258065,0.966666667,0.290322581,0.548387097,0.064516129
"288","Finland","01/01/2014",5.462,2917.955,29.267,NA,2917.955,2917.955,534.228304650311,0.033333333,0.032258065,0.032258065,0.966666667,0.290322581,0.548387097,0.064516129
"289","Finland","01/01/2015",5.48,2934.44,28.065,NA,2934.44,2934.44,535.481751824817,0.033333333,0.032258065,0.032258065,0.966666667,0.290322581,0.548387097,0.064516129
"290","Finland","01/01/2016",5.495,2968.2,30.274,NA,2968.2,2968.2,540.163785259327,0.033333333,0.032258065,0.032258065,0.966666667,0.290322581,0.548387097,0.064516129
"291","Finland","01/01/2017",5.508,3002.665,35.639,NA,3002.665,3002.665,545.146151053014,0.033333333,0.032258065,0.032258065,0.966666667,0.290322581,0.548387097,0.064516129
"292","Finland","01/01/2018",5.516,3042.369,NA,NA,3042.369,3042.369,551.553480783176,0.033333333,0.032258065,0.032258065,0.966666667,0.290322581,0.548387097,0.064516129
"293","Finland","01/01/2019",5.522,3075.628,NA,NA,3075.628,3075.628,556.977182180369,0.033333333,0.032258065,0.032258065,0.966666667,0.290322581,0.548387097,0.064516129
"294","Finland","01/01/2020",5.53,3124.286,NA,NA,3124.286,3124.286,564.97034358047,0.033333333,0.032258065,0.032258065,0.966666667,0.290322581,0.548387097,0.064516129
"295","Finland","01/01/2021",NA,3157.671,NA,NA,3157.671,3157.671,NA,NA,NA,NA,NA,NA,NA,NA
"296","France","01/01/1948",41.04,NA,40.2,NA,12908.98,12908.98,314.546296296296,0.514,0.305,0.209,0.486,0.348,0.2324,0.299
"297","France","01/01/1949",41.4,NA,55.6,NA,12957.55684,12957.55684,312.9844647343,0.514,0.305,0.209,0.486,0.348,0.2324,0.299
"298","France","01/01/1950",41.74,NA,70.6,NA,13019.23895,13019.23895,311.912768327743,0.514,0.305,0.209,0.486,0.348,0.2324,0.299
"299","France","01/01/1951",42.06,NA,76.7,NA,13086.25053,13086.25053,311.132917974322,0.514,0.305,0.209,0.486,0.348,0.2324,0.299
"300","France","01/01/1952",42.36,NA,83.9,NA,13159.55263,13159.55263,310.659882672332,0.514,0.305,0.209,0.486,0.348,0.2324,0.299
"301","France","01/01/1953",42.65,NA,115.5,NA,13260.46316,13260.46316,310.913555920281,0.514,0.305,0.209,0.486,0.348,0.2324,0.299
"302","France","01/01/1954",42.95,13402,162,NA,13402,13402,312.037252619325,0.419,0.23,0.189,0.581,0.348,0.2324,0.299
"303","France","01/01/1955",43.28,NA,210.1,NA,13681.77181,13681.77181,316.122269177449,0.405,0.165,0.24,0.595,0.348,0.2324,0.299
"304","France","01/01/1956",43.65,NA,236.5,NA,13984.60889,13984.60889,320.380501489118,0.337,0.14,0.197,0.663,0.348,0.2324,0.299
"305","France","01/01/1957",44.07,NA,273.7,NA,14319.94702,14319.94702,324.93639709553,0.388,0.12,0.268,0.612,0.348,0.2324,0.299
"306","France","01/01/1958",44.79,NA,291.7,NA,14671.01146,14671.01146,327.551048448314,0.383,0.075,0.383,0.617,0.348,0.2324,0.299
"307","France","01/01/1959",45.24,NA,320.4,NA,15047.15064,15047.15064,332.607220159151,0.398,0.03,0.368,0.602,0.348,0.2324,0.299
"308","France","01/01/1960",45.68,NA,316.6,NA,15419.96982,15419.96982,337.56501357268,0.373,0.03,0.343,0.627,0.348,0.2324,0.299
"309","France","01/01/1961",46.16,NA,316,NA,15792.2648,15792.2648,342.120121317158,0.353,0.026,0.327,0.647,0.348,0.2324,0.299
"310","France","01/01/1962",47,NA,308.9,NA,16158.35661,16158.35661,343.794821489362,0.325,0.009,0.316,0.675,0.348,0.2324,0.299
"311","France","01/01/1963",47.85,16548.3,336.2,NA,16548.3,16548.3,345.836990595611,0.339,0.026,0.313,0.661,0.348,0.2324,0.299
"312","France","01/01/1964",48.41,17096.1,368.8,NA,17096.1,17096.1,353.152241272464,0.337,0.013,0.324,0.663,0.348,0.2324,0.299
"313","France","01/01/1965",48.92,NA,411.6,NA,17356.80175,17356.80175,354.799708708095,0.314,0.009,0.305,0.686,0.348,0.2324,0.299
"314","France","01/01/1966",49.44,NA,414.2,NA,17619.77509,17619.77509,356.387036610032,0.32,0.012,0.308,0.68,0.348,0.2324,0.299
"315","France","01/01/1967",49.89,17890,422.5,NA,17890,17890,358.588895570255,0.335,0.007,0.328,0.665,0.348,0.2324,0.299
"316","France","01/01/1968",49.91,15778,419.6,NA,15778,15778,316.129032258065,0.386,0.008,0.378,0.614,0.348,0.2324,0.299
"317","France","01/01/1969",50.32,NA,436,NA,16077.56,16077.56,319.506359300477,0.334,0.007,0.327,0.666,0.348,0.2324,0.318
"318","France","01/01/1970",50.77,16407,470.2,NA,16407,16407,323.163285404767,0.329,0.007,0.322,0.671,0.35,0.2324,0.321
"319","France","01/01/1971",51.25,NA,488.5,NA,17043.86227,17043.86227,332.563166243902,0.353,0.033,0.326,0.647,0.122,0.2324,0.338
"320","France","01/01/1972",51.7,NA,562.5,NA,17745.37717,17745.37717,343.237469439072,0.291,0.005,0.286,0.709,0.379,0.2324,0.33
"321","France","01/01/1973",52.18,NA,517.8,NA,18407.83838,18407.83838,352.77574511307,0.243,0.01,0.233,0.757,0.397,0.2324,0.36
"322","France","01/01/1974",52.56,NA,515.8,NA,19068.55223,19068.55223,362.79589478691,0.255,0.008,0.247,0.745,0.395,0.2324,0.35
"323","France","01/01/1975",52.79,NA,529.8,NA,19741.49765,19741.49765,373.962827240008,0.242,0.0105,0.2315,0.758,0.435,0.2324,0.323
"324","France","01/01/1976",52.89,NA,448.9,NA,20343.76203,20343.76203,384.642882019285,0.229,0.013,0.216,0.771,0.475,0.2324,0.296
"325","France","01/01/1977",53.08,NA,450.9,NA,20947.77377,20947.77377,394.645323474002,0.271,0.007,0.264,0.729,0.455,0.2324,0.274
"326","France","01/01/1978",53.28,NA,444.7,NA,21546.36867,21546.36867,404.398811373874,0.25,0.009,0.241,0.75,0.458,0.2324,0.292
"327","France","01/01/1979",53.48,NA,403.6,NA,22109.05514,22109.05514,413.407912116679,0.23,0.009,0.221,0.77,0.504,0.2324,0.266
"328","France","01/01/1980",53.71,NA,378.3,NA,22649.63741,22649.63741,421.702428039471,0.2136,0.0077,0.2059,0.7864,0.5541,0.2324,0.266
"329","France","01/01/1981",53.96,NA,330.1,NA,23148.1081,23148.1081,428.986436249073,0.2002,0.0105,0.1897,0.7998,0.5245,0.2753,0.266
"330","France","01/01/1982",54.22,23652,336.305,NA,23652,23652,436.22279601623,0.2018,0.0094,0.1924,0.7982,0.5329,0.2692,0.266
"331","France","01/01/1983",54.65,24264,570,72,24264,24264,443.989021043001,0.2035,0.0083,0.1952,0.7965,0.5418,0.2627,0.266
"332","France","01/01/1984",54.94,24368,270.793,NA,24368,24368,443.538405533309,0.1846,0.0111,0.1735,0.8154,0.5572,0.2582,0.266
"333","France","01/01/1985",55.17,24758,254.686,NA,24758,24758,448.758383179264,0.1714,0.0113,0.16,0.8286,0.5329,0.2956,0.266
"334","France","01/01/1986",55.39,24988,237.286,65,24988,24988,451.128362520311,0.1595,0.0116,0.1478,0.8405,0.5108,0.3295,0.266
"335","France","01/01/1987",55.63,25219,251.044,NA,25219,25219,453.334531727485,0.1487,0.0118,0.1367,0.8513,0.4907,0.3603,0.266
"336","France","01/01/1988",55.85,25464,414.8,65,25464,25568.8,455.935541629364,0.1388,0.0121,0.1265,0.8612,0.4724,0.3885,0.266
"337","France","01/01/1989",56.16,25881,322,65,25881,25825.8,460.844017094017,0.1388,0.0121,0.1265,0.8612,0.4724,0.3885,0.266
"338","France","01/01/1990",56.41,26463,336,65,26463,26096.8,469.118950540684,0.1388,0.0121,0.1265,0.8612,0.4724,0.3885,0.266
"339","France","01/01/1991",56.65,26719,306,65,26719,26337.8,471.650485436893,0.1388,0.0121,0.1265,0.8612,0.4724,0.3885,0.266
"340","France","01/01/1992",56.86,27011,299,44,27011,26592.8,475.043967639817,0.1388,0.0121,0.1265,0.8612,0.4724,0.3885,0.266
"341","France","01/01/1993",57.05,27044,347,NA,27044,26873.3,474.040315512708,0.1388,0.0121,0.1265,0.8612,0.4724,0.3885,0.266
"342","France","01/01/1994",57.23,27493,379.2,89,27493,27163.5,480.394897780884,0.1388,0.0121,0.1265,0.8612,0.4724,0.3885,0.266
"343","France","01/01/1995",57.42,27806,404,90,27806,27477.5,484.25635667015,0.1388,0.0121,0.1265,0.8612,0.4724,0.3885,0.266
"344","France","01/01/1996",57.62,28221,359,71,28221,27765.5,489.777854911489,0.1388,0.0121,0.1265,0.8612,0.4724,0.3885,0.266
"345","France","01/01/1997",57.84,29487,342,76,29487,28031.5,509.802904564315,0.1388,0.0121,0.1265,0.8612,0.4724,0.3885,0.266
"346","France","01/01/1998",58.08,28749,337,75,28749,28293.5,494.989669421488,0.1388,0.0121,0.1265,0.8612,0.4724,0.3885,0.266
"347","France","01/01/1999",58.35,28657,354,NA,28657,28657,491.122536418166,0.1388,0.0121,0.1265,0.8612,0.4724,0.3885,0.266
"348","France","01/01/2000",58.67,28988,391,NA,28988,28988,494.085563320266,0.1388,0.0121,0.1265,0.8612,0.4724,0.3885,0.266
"349","France","01/01/2001",59.01,29329,379.6,NA,29329,29329,497.0174546687,0.1388,0.0121,0.1265,0.8612,0.4724,0.3885,0.266
"350","France","01/01/2002",59.37,29660,376.6,NA,29660,29660,499.578911908371,0.1388,0.0121,0.1265,0.8612,0.4724,0.3885,0.266
"351","France","01/01/2003",59.73,29994,413.9,NA,29994,29994,502.159718734304,0.1388,0.0121,0.1265,0.8612,0.4724,0.3885,0.266
"352","France","01/01/2004",60.11,30339,500.4,NA,30339,30339,504.724671435701,0.1388,0.0121,0.1265,0.8612,0.4724,0.3885,0.266
"353","France","01/01/2005",60.51,30687,551.7,NA,30687,30687,507.139315815568,0.1388,0.0121,0.1265,0.8612,0.4724,0.3885,0.266
"354","France","01/01/2006",60.92,31060,602.3,NA,31060,31060,509.848982271832,0.1388,0.0121,0.1265,0.8612,0.4724,0.3885,0.266
"355","France","01/01/2007",61.33,31449,571.4,NA,31449,31449,512.783303440404,0.1388,0.0121,0.1265,0.8612,0.4724,0.3885,0.266
"356","France","01/01/2008",61.72,31819,476.3,NA,31819,31819,515.537913156189,0.1388,0.0121,0.1265,0.8612,0.4724,0.3885,0.266
"357","France","01/01/2009",62.09,32174,380.2,NA,32174,32174,518.183282332099,0.1388,0.0121,0.1265,0.8612,0.4724,0.3885,0.266
"358","France","01/01/2010",62.44,32520,476.7,NA,32520,32520,520.8199871877,0.1388,0.0121,0.1265,0.8612,0.4724,0.3885,0.266
"359","France","01/01/2011",62.78,32860,518,NA,32860,32860,523.41510035043,0.1388,0.0121,0.1265,0.8612,0.4724,0.3885,0.266
"360","France","01/01/2012",63.07,33212,481.3,NA,33212,33212,526.589503726019,0.1388,0.0121,0.1265,0.8612,0.4724,0.3885,0.266
"361","France","01/01/2013",63.34,33575,422.3,NA,33575,33575,530.075781496684,0.1388,0.0121,0.1265,0.8612,0.4724,0.3885,0.266
"362","France","01/01/2014",63.59,33943,380.2,NA,33943,33943,533.778896052838,0.1388,0.0121,0.1265,0.8612,0.4724,0.3885,0.266
"363","France","01/01/2015",63.81,34307,405,NA,34307,34307,537.643002664159,0.1388,0.0121,0.1265,0.8612,0.4724,0.3885,0.266
"364","France","01/01/2016",63.99,34646,462.8,NA,34646,34646,541.428348179403,0.1388,0.0121,0.1265,0.8612,0.4724,0.3885,0.266
"365","France","01/01/2017",64.14,34981,489.5,NA,34981,34981,545.385095104459,0.1388,0.0121,0.1265,0.8612,0.4724,0.3885,0.266
"366","France","01/01/2018",64.28,35310,455.6,NA,35310,35310,549.315494710641,0.1388,0.0121,0.1265,0.8612,0.4724,0.3885,0.266
"367","France","01/01/2019",64.4,35652,NA,NA,35652,35652,553.60248447205,0.1388,0.0121,0.1265,0.8612,0.4724,0.3885,0.266
"368","France","01/01/2020",64.48,35986,NA,NA,35986,35986,558.095533498759,0.1388,0.0121,0.1265,0.8612,0.4724,0.3885,0.266
"369","France","01/01/2021",NA,NA,NA,NA,NA,NA,NA,NA,NA,NA,NA,NA,NA,NA
"370","Germany","01/01/1948",46.19,NA,NA,NA,9264.710862,9264.710862,200.578282355488,0.223,0.068,0.155,0.777,0.502,0.03,0.03
"371","Germany","01/01/1949",47.09,NA,221.96,NA,9479.626676,9479.626676,201.308699851348,0.223,0.068,0.155,0.777,0.502,0.03,0.03
"372","Germany","01/01/1950",47.85,NA,371.924,NA,9839.747192,9839.747192,205.637349885057,0.376,0.074,0.302,0.624,0.502,0.03,0.03
"373","Germany","01/01/1951",48.37,NA,425.405,NA,10251.65142,10251.65142,211.942348976638,0.421,0.059,0.362,0.579,0.502,0.03,0.03
"374","Germany","01/01/1952",48.68,NA,460.848,NA,10697.87382,10697.87382,219.759117091208,0.448,0.051,0.397,0.552,0.502,0.03,0.03
"375","Germany","01/01/1953",49.16,NA,539.683,NA,11220.42929,11220.42929,228.243069365338,0.438,0.049,0.389,0.562,0.502,0.03,0.03
"376","Germany","01/01/1954",49.69,NA,571.542,NA,11773.83267,11773.83267,236.945716844436,0.363,0.038,0.325,0.637,0.568,0.04,0.029
"377","Germany","01/01/1955",50.18,NA,568.403,NA,12324.19667,12324.19667,245.599774212834,0.313,0.02,0.293,0.678,0.597,0.04,0.041
"378","Germany","01/01/1956",50.79,NA,591.082,NA,12896.51992,12896.51992,253.918486316204,0.32,0.027,0.293,0.68,0.598,0.045,0.037
"379","Germany","01/01/1957",51.47,NA,559.641,NA,13438.4,13438.4,261.091898193122,0.32,0.025,0.295,0.68,0.604,0.044,0.032
"380","Germany","01/01/1958",52.06,13911.3,488.4,15.5,13911.3,13911.3,267.216673069535,0.313,0.024,0.289,0.687,0.615,0.038,0.034
"381","Germany","01/01/1959",52.67,14449.1,554.9,17.9,14449.1,14493.25,274.332637174862,0.307,0.025,0.282,0.693,0.616,0.044,0.033
"382","Germany","01/01/1960",53.22,16138.9,574.4,20.8,16138.9,15091.8,303.248778654641,0.288,0.027,0.261,0.712,0.624,0.043,0.045
"383","Germany","01/01/1961",54.03,16814.1,565.8,20.5,16814.1,15682.05,311.199333703498,0.275,0.022,0.253,0.725,0.633,0.041,0.051
"384","Germany","01/01/1962",54.77,17358,573.4,30,17358,16270.4,316.925324082527,0.264,0.025,0.239,0.736,0.629,0.049,0.058
"385","Germany","01/01/1963",55.43,17892.8,569.6,41.7,17892.8,16843.25,322.799927836911,0.269,0.025,0.244,0.731,0.623,0.05,0.058
"386","Germany","01/01/1964",56.1,NA,623.8,40.9,18476.3,17471.1,329.345811051693,0.29,0.025,0.265,0.71,0.603,0.052,0.055
"387","Germany","01/01/1965",56.84,19019.1,591.9,49.7,19019.1,18058.25,334.607670654469,0.286,0.032,0.254,0.714,0.588,0.056,0.07
"388","Germany","01/01/1966",57.48,19573.8,604.8,50.1,19573.8,18657.9,340.53235908142,0.277,0.03,0.247,0.723,0.591,0.062,0.07
"389","Germany","01/01/1967",57.7,20097.7,572.3,48.5,20097.7,19226.65,348.313691507799,0.259,0.029,0.23,0.741,0.592,0.071,0.079
"390","Germany","01/01/1968",58.02,19882.3,519.9,22,19882.3,19769.5,342.680110306791,0.25,0.025,0.225,0.76,0.577,0.087,0.086
"391","Germany","01/01/1969",58.71,20355.5,499.7,27.9,20355.5,20286.25,346.71265542497,0.246,0.025,0.221,0.754,0.569,0.092,0.093
"392","Germany","01/01/1970",60.65,20807,478.1,44.1,20807,20765.2,343.066776586974,0.208,0.023,0.185,0.793,0.587,0.112,0.094
"393","Germany","01/01/1971",61.29,21329.6,555,55.3,21329.6,21309.85,348.011094795236,0.202,0.024,0.178,0.798,0.566,0.128,0.104
"394","Germany","01/01/1972",61.67,21956.7,660.6,58.7,21956.7,21956.7,356.035349440571,0.195,0.02,0.175,0.805,0.552,0.145,0.108
"395","Germany","01/01/1973",61.97,22633.1,714.2,58.5,22633.1,22633.1,365.226722607713,0.187,0.02,0.167,0.813,0.54,0.159,0.114
"396","Germany","01/01/1974",62.04,23222.3,654.4,56.6,23222.3,23222.3,374.311734364926,0.187,0.0275,0.1595,0.8145,0.5635,0.147,0.104
"397","Germany","01/01/1975",61.83,23620.8,436.8,54.2,23620.8,23620.8,382.028141678797,0.187,0.035,0.152,0.816,0.587,0.135,0.094
"398","Germany","01/01/1976",61.51,23986.2,392.4,48.9,23986.2,23986.2,389.956104698423,0.162,0.031,0.131,0.838,0.64,0.114,0.084
"399","Germany","01/01/1977",61.4,24369.5,409,47.4,24369.5,24369.5,396.897394136808,0.16,0.035,0.125,0.84,0.632,0.121,0.087
"400","Germany","01/01/1978",61.51,24706.2,368.1,62.4,24706.2,24706.2,401.661518452284,0.095,0.018,0.077,0.905,0.687,0.136,0.082
"401","Germany","01/01/1979",61.34,25040.2,357.8,68.3,25040.2,25040.2,408.219758721878,0.095,0.012,0.083,0.905,0.683,0.146,0.075
"402","Germany","01/01/1980",61.56,25406,388.9,86.9,25406,25406,412.703053931124,0.1016,0.0154,0.0862,0.8984,0.6451,0.1811,0.0723
"403","Germany","01/01/1981",61.67,25747.5,365.5,92.1,25747.5,25747.5,417.504459218421,0.1125,0.0159,0.0966,0.8875,0.619,0.199,0.0695
"404","Germany","01/01/1982",61.64,26076.2,347,94,26076.2,26076.2,423.040233614536,0.0196,0.0063,0.0133,0.9804,0.6138,0.0934,0.2732
"405","Germany","01/01/1983",61.42,26398.9,340.8,94,26398.9,26398.9,429.809508303484,0.0188,0.0073,0.0114,0.9812,0.6123,0.0963,0.2727
"406","Germany","01/01/1984",61.18,26781.6,598.4,94.9,26781.6,26781.6,437.750898986597,0.0198,0.0055,0.0143,0.9802,0.5948,0.0851,0.3008
"407","Germany","01/01/1985",61.18,27081,312.1,88,27081,27081,442.644655116051,0.0153,0.0053,0.0099,0.9847,0.6011,0.079,0.3044
"408","Germany","01/01/1986",61.05,27319,251.9,88.2,27319,27319,447.485667485668,0.0155,0.0056,0.0099,0.9845,0.6304,0.0736,0.2807
"409","Germany","01/01/1987",61.17,27524,217.3,21.5,27524,27524,449.959130292627,0.0166,0.0051,0.011,0.9834,0.6187,0.0708,0.2935
"410","Germany","01/01/1988",61.42,NA,208.6,NA,29607.45,29607.45,482.049006838163,0.0163,0.0067,0.0959,0.9837,0.6151,0.0585,0.3102
"411","Germany","01/01/1989",61.99,NA,238.6,NA,31722.25,31722.25,511.731730924343,0.0153624755,0.0070537035,0.051458772,0.9846375245,0.6094993175,0.0585,0.345743275
"412","Germany","01/01/1990",NA,33856.3,256.5,NA,33856.3,33856.3,NA,0.014424951,0.007407407,0.007017544,0.985575049,0.603898635,0.0585,0.38128655
"413","Germany","01/01/1991",80.01,34173.6,314.5,16.1,34173.6,34173.6,427.116610423697,0.018124006,0.012082671,0.00572337,0.981875994,0.594594595,0.0585,0.387599364
"414","Germany","01/01/1992",80.62,NA,374.6,NA,34542.1245,34542.1245,428.456022078889,0.020288308,0.013347571,0.006673785,0.979711692,0.553123332,0.0585,0.426588361
"415","Germany","01/01/1993",81.16,34988.8,455.451,21.5,34988.8,34988.8,431.108920650567,0.020288308,0.013347571,0.006673785,0.979711692,0.553123332,0.0585,0.426588361
"416","Germany","01/01/1994",81.44,35370.8,572.883,NA,35370.8,35370.8,434.317288801572,0.020288308,0.013347571,0.006673785,0.979711692,0.553123332,0.0585,0.426588361
"417","Germany","01/01/1995",81.68,35954.3,602.8,21.5,35954.3,35954.3,440.18486777669,0.020288308,0.013347571,0.006673785,0.979711692,0.553123332,0.0585,0.426588361
"418","Germany","01/01/1996",81.91,36492.323,559.488,NA,36492.323,36492.323,445.517311683555,0.020288308,0.013347571,0.006673785,0.979711692,0.553123332,0.0585,0.426588361
"419","Germany","01/01/1997",82.03,37050.3,578.2,23.9,37050.3,37050.3,451.667682555163,0.020288308,0.013347571,0.006673785,0.979711692,0.553123332,0.0585,0.426588361
"420","Germany","01/01/1998",82.05,37529.144,500.69,NA,37529.144,37529.144,457.393589274832,0.020288308,0.013347571,0.006673785,0.979711692,0.553123332,0.0585,0.426588361
"421","Germany","01/01/1999",82.1,37984.298,472.638,NA,37984.298,37984.298,462.658928136419,0.020288308,0.013347571,0.006673785,0.979711692,0.553123332,0.0585,0.426588361
"422","Germany","01/01/2000",82.21,38383.645,423.044,NA,38383.645,38383.645,466.897518550055,0.020288308,0.013347571,0.006673785,0.979711692,0.553123332,0.0585,0.426588361
"423","Germany","01/01/2001",82.35,38681.801,326.187,NA,38681.801,38681.801,469.724359441409,0.013500044,0.005942118,0.007557926,0.986499956,0.553123332,0.0585,0.426588361
"424","Germany","01/01/2002",82.49,38924.836,289.59,NA,38924.836,38924.836,471.873390714026,0.014950729,0.007008277,0.007942452,0.985049271,0.553123332,0.0585,0.426588361
"425","Germany","01/01/2003",82.53,39141.543,268.103,NA,39141.543,39141.543,474.27048346056,0.014168446,0.005883399,0.008285046,0.985831554,0.553123332,0.0585,0.426588361
"426","Germany","01/01/2004",82.52,39362.266,278.008,NA,39362.266,39362.266,477.002738730005,0.011279485,0.00482657,0.006452915,0.988720515,0.553123332,0.0585,0.426588361
"427","Germany","01/01/2005",82.47,39551.203,242.316,NA,39551.203,39551.203,479.582914999394,0.011358214,0.003985667,0.007372548,0.988641786,0.553123332,0.0585,0.426588361
"428","Germany","01/01/2006",82.38,39753.733,249.436,NA,39753.733,39753.733,482.565343529983,0.013084841,0.006331667,0.006753174,0.986915159,0.553123332,0.0585,0.426588361
"429","Germany","01/01/2007",82.27,39918.193,210.729,NA,39918.193,39918.193,485.209590373162,0.012335753,0.005455576,0.006880177,0.987664247,0.553123332,0.0585,0.426588361
"430","Germany","01/01/2008",82.11,40057.282,175.927,NA,40057.282,40057.282,487.849007429059,0.016250977,0.005898697,0.01035228,0.983749023,0.553123332,0.0585,0.426588361
"431","Germany","01/01/2009",81.9,40183.563,158.987,NA,40183.563,40183.563,490.641794871795,0.018451779,0.00620431,0.012247469,0.981548221,0.553123332,0.0585,0.426588361
"432","Germany","01/01/2010",81.78,40479.27,159.832,NA,40479.27,40479.27,494.977622890682,0.015917656,0.005089367,0.010828289,0.984082344,0.553123332,0.0585,0.426588361
"433","Germany","01/01/2011",80.27,40630.302,183.11,NA,40630.302,40630.302,506.170449732154,0.021223928,0.00889035,0.012333577,0.978776072,0.553123332,0.0585,0.426588361
"434","Germany","01/01/2012",80.43,40805.805,200.466,NA,40805.805,40805.805,507.34558000746,0.025269368,0.013158416,0.012110952,0.974730632,0.553123332,0.0585,0.426588361
"435","Germany","01/01/2013",80.65,40995.141,214.817,NA,40995.141,40995.141,508.309249845009,0.024140512,0.012022484,0.012118027,0.975859488,0.553123332,0.0585,0.426588361
"436","Germany","01/01/2014",80.98,41221.21,245.325,NA,41221.21,41221.21,509.029513460114,0.026439015,0.013034425,0.01340459,0.973560985,0.553123332,0.0585,0.426588361
"437","Germany","01/01/2015",81.69,41446.269,247.722,NA,41446.269,41446.269,507.360374586853,0.037351138,0.022549106,0.014802032,0.962648862,0.553123332,0.0585,0.426588361
"438","Germany","01/01/2016",82.35,41703.347,277.691,NA,41703.347,41703.347,506.415871281117,0.05485916,0.040987363,0.013871797,0.94514084,0.553123332,0.0585,0.426588361
"439","Germany","01/01/2017",82.66,41968.066,NA,NA,41968.066,41968.066,507.719162835713,0.055588168,0.041470991,0.014117177,0.944411832,0.553123332,0.0585,0.426588361
"440","Germany","01/01/2018",82.91,42235.402,NA,NA,42235.402,42235.402,509.412640212278,0.049359826,0.035096165,0.014263661,0.950640174,0.553123332,0.0585,0.426588361
"441","Germany","01/01/2019",83.09,42512.771,NA,NA,42512.771,42512.771,511.647262005055,0.048295399,0.030669141,0.017626258,0.951704601,0.553123332,0.0585,0.426588361
"442","Germany","01/01/2020",83.16,42803.737,NA,NA,42803.737,42803.737,514.715452140452,0.04106424,0.025605155,0.015459085,0.95893576,0.553123332,0.0585,0.426588361
"443","Germany","01/01/2021",NA,NA,NA,NA,NA,NA,NA,NA,NA,NA,NA,NA,NA,NA
"444","Greece","01/01/1948",NA,NA,18.8,NA,NA,NA,NA,0.463,NA,NA,0.537,NA,NA,NA
"445","Greece","01/01/1949",7.483,NA,21.7,NA,NA,NA,NA,0.424,NA,NA,0.576,NA,NA,NA
"446","Greece","01/01/1950",7.566,NA,48.7,NA,NA,NA,NA,0.612,NA,NA,0.388,NA,NA,NA
"447","Greece","01/01/1951",7.646,NA,25.7,NA,NA,NA,NA,0.51,NA,NA,0.49,NA,NA,NA
"448","Greece","01/01/1952",7.733,NA,59.2,NA,NA,NA,NA,0.561,NA,NA,0.439,NA,NA,NA
"449","Greece","01/01/1953",7.817,NA,51.1,NA,NA,NA,NA,0.266,NA,NA,0.734,NA,NA,NA
"450","Greece","01/01/1954",7.893,NA,46.3,NA,NA,NA,NA,0.192,NA,NA,0.808,NA,NA,NA
"451","Greece","01/01/1955",7.966,NA,53.3,NA,NA,NA,NA,0.25,NA,NA,0.75,NA,NA,NA
"452","Greece","01/01/1956",8.031,NA,55.4,NA,NA,NA,NA,0.265,NA,NA,0.735,NA,NA,NA
"453","Greece","01/01/1957",8.096,NA,51.2,NA,NA,NA,NA,0.236,NA,NA,0.764,NA,NA,NA
"454","Greece","01/01/1958",8.173,NA,54.4,NA,NA,NA,NA,0.207,NA,NA,0.793,NA,NA,NA
"455","Greece","01/01/1959",8.258,NA,71.489,NA,NA,NA,NA,0.088,NA,NA,0.912,NA,NA,NA
"456","Greece","01/01/1960",8.327,NA,82.885,NA,NA,NA,NA,0.068,NA,NA,0.932,NA,NA,NA
"457","Greece","01/01/1961",8.398,NA,89.645,NA,NA,NA,NA,0.031,NA,NA,0.969,NA,NA,NA
"458","Greece","01/01/1962",8.448,NA,86.301,NA,NA,NA,NA,0.037,NA,NA,0.963,NA,NA,NA
"459","Greece","01/01/1963",8.48,NA,52.4,NA,NA,NA,NA,0.037,NA,NA,1,NA,NA,NA
"460","Greece","01/01/1964",8.51,NA,66.236,NA,NA,NA,NA,0.037,NA,NA,1,NA,NA,NA
"461","Greece","01/01/1965",8.551,NA,79.385,NA,NA,NA,NA,0.037,NA,NA,1,NA,NA,NA
"462","Greece","01/01/1966",8.614,NA,83.944,NA,NA,NA,NA,0.037,NA,NA,1,NA,NA,NA
"463","Greece","01/01/1967",8.716,NA,81.939,NA,NA,NA,NA,0.037,NA,NA,1,NA,NA,NA
"464","Greece","01/01/1968",8.74,NA,112.4,NA,NA,NA,NA,0.037,NA,NA,1,NA,NA,NA
"465","Greece","01/01/1969",8.77,NA,130.6,NA,NA,NA,NA,0.037,NA,NA,1,NA,NA,NA
"466","Greece","01/01/1970",8.79,NA,114.7,NA,NA,NA,NA,0.037,NA,NA,1,NA,NA,NA
"467","Greece","01/01/1971",8.83,NA,125.8,NA,NA,NA,NA,0.037,NA,NA,0.566,NA,NA,NA
"468","Greece","01/01/1972",8.89,NA,178.5,NA,NA,NA,NA,0.037,NA,NA,1,NA,NA,NA
"469","Greece","01/01/1973",8.93,NA,188.1,NA,NA,NA,NA,0.037,NA,NA,1,NA,NA,NA
"470","Greece","01/01/1974",8.96,NA,81.6,NA,NA,NA,NA,0.184,NA,NA,0.816,NA,NA,NA
"471","Greece","01/01/1975",9.05,NA,120.9,NA,NA,NA,NA,0.184,NA,NA,1,NA,NA,NA
"472","Greece","01/01/1976",9.17,NA,128.6,NA,NA,NA,NA,0.184,NA,NA,1,NA,NA,NA
"473","Greece","01/01/1977",9.27,NA,158.3,NA,NA,NA,NA,0.184,NA,NA,1,NA,NA,NA
"474","Greece","01/01/1978",9.36,NA,187,NA,NA,NA,NA,0.184,NA,NA,1,NA,NA,NA
"475","Greece","01/01/1979",9.44,NA,189.2,NA,NA,NA,NA,0.184,NA,NA,1,NA,NA,NA
"476","Greece","01/01/1980",9.64,NA,136.044,NA,NA,NA,NA,0.184,NA,NA,1,NA,NA,NA
"477","Greece","01/01/1981",9.73,NA,108.2,NA,NA,NA,NA,0.184,NA,NA,1,NA,NA,NA
"478","Greece","01/01/1982",9.79,NA,102.1,NA,NA,NA,NA,0.184,NA,NA,1,NA,NA,NA
"479","Greece","01/01/1983",9.05,NA,113.9,NA,NA,NA,NA,0.184,NA,NA,1,NA,NA,NA
"480","Greece","01/01/1984",9.9,NA,72.8,NA,NA,NA,NA,0.184,NA,NA,1,NA,NA,NA
"481","Greece","01/01/1985",9.93,NA,88.5,NA,NA,NA,NA,0.184,NA,NA,1,NA,NA,NA
"482","Greece","01/01/1986",9.96,NA,109.7,NA,NA,NA,NA,0.184,NA,NA,1,NA,NA,NA
"483","Greece","01/01/1987",9.99,NA,108.4,NA,NA,NA,NA,0.184,NA,NA,1,NA,NA,NA
"484","Greece","01/01/1988",10,NA,107,NA,NA,NA,NA,0.184,NA,NA,1,NA,NA,NA
"485","Greece","01/01/1989",10.3,NA,117.3,NA,NA,NA,NA,0.184,NA,NA,0.988617886,NA,NA,NA
"486","Greece","01/01/1990",NA,NA,120.24,NA,NA,NA,NA,0.022764228,NA,NA,0.977235772,NA,NA,NA
"487","Greece","01/01/1991",10.32,NA,100.339,NA,NA,NA,NA,0.019054079,NA,NA,0.980945921,NA,NA,NA
"488","Greece","01/01/1992",10.4,NA,85.095,NA,NA,NA,NA,0.01534393,NA,NA,0.98465607,NA,NA,NA
"489","Greece","01/01/1993",10.46,NA,79.15,NA,NA,NA,NA,0.011633781,NA,NA,0.988366219,NA,NA,NA
"490","Greece","01/01/1994",10.51,NA,80.607,NA,NA,NA,NA,0.007923632,NA,NA,0.992076368,NA,NA,NA
"491","Greece","01/01/1995",10.56,NA,70.86,NA,NA,NA,NA,0.004213483,NA,NA,0.995786517,NA,NA,NA
"492","Greece","01/01/1996",10.61,NA,86.693,NA,NA,NA,NA,0.004213483,NA,NA,0.995786517,NA,NA,NA
"493","Greece","01/01/1997",10.66,NA,89.6,NA,NA,NA,NA,0.004213483,NA,NA,0.995786517,NA,NA,NA
"494","Greece","01/01/1998",10.72,NA,97.44,NA,NA,NA,NA,0.004213483,NA,NA,0.995786517,NA,NA,NA
"495","Greece","01/01/1999",10.76,NA,88.474,NA,NA,NA,NA,0.004213483,NA,NA,0.995786517,NA,NA,NA
"496","Greece","01/01/2000",10.81,NA,89.414,NA,NA,NA,NA,0.004213483,NA,NA,0.995786517,NA,NA,NA
"497","Greece","01/01/2001",10.86,NA,108.021,NA,NA,NA,NA,0.004213483,NA,NA,0.995786517,NA,NA,NA
"498","Greece","01/01/2002",10.9,NA,128.28,NA,NA,NA,NA,0.004213483,NA,NA,0.995786517,NA,NA,NA
"499","Greece","01/01/2003",10.93,NA,127.03,NA,NA,NA,NA,0.004213483,NA,NA,0.995786517,NA,NA,NA
"500","Greece","01/01/2004",10.96,NA,122.148,NA,NA,NA,NA,0.004213483,NA,NA,0.995786517,NA,NA,NA
"501","Greece","01/01/2005",10.99,NA,195.207,NA,NA,NA,NA,0.004213483,NA,NA,0.995786517,NA,NA,NA
"502","Greece","01/01/2006",11.02,NA,125.387,NA,NA,NA,NA,0.004213483,NA,NA,0.995786517,NA,NA,NA
"503","Greece","01/01/2007",11.05,NA,79.407,NA,NA,NA,NA,0.004213483,NA,NA,0.995786517,NA,NA,NA
"504","Greece","01/01/2008",11.08,NA,66.74,NA,NA,NA,NA,0.004213483,NA,NA,0.995786517,NA,NA,NA
"505","Greece","01/01/2009",11.11,NA,57.001,NA,NA,NA,NA,0.004213483,NA,NA,0.995786517,NA,NA,NA
"506","Greece","01/01/2010",11.12,NA,50.982,NA,NA,NA,NA,0.004213483,NA,NA,0.995786517,NA,NA,NA
"507","Greece","01/01/2011",11.1,NA,36.075,NA,NA,NA,NA,0.004213483,NA,NA,0.995786517,NA,NA,NA
"508","Greece","01/01/2012",11.05,NA,22.836,NA,NA,NA,NA,0.004213483,NA,NA,0.995786517,NA,NA,NA
"509","Greece","01/01/2013",10.97,NA,16.416,NA,NA,NA,NA,0.004213483,NA,NA,0.995786517,NA,NA,NA
"510","Greece","01/01/2014",10.89,NA,13.434,NA,NA,NA,NA,0.004213483,NA,NA,0.995786517,NA,NA,NA
"511","Greece","01/01/2015",10.82,NA,13.35,NA,NA,NA,NA,0.004213483,NA,NA,0.995786517,NA,NA,NA
"512","Greece","01/01/2016",10.78,NA,12.641,NA,NA,NA,NA,0.004213483,NA,NA,0.995786517,NA,NA,NA
"513","Greece","01/01/2017",10.75,NA,13.785,NA,NA,NA,NA,0.004213483,NA,NA,0.995786517,NA,NA,NA
"514","Ireland","01/01/1948",2.985,655,2.3,NA,655,655,219.430485762144,0.625,0.427,0.007,0.375,0.7949,0.1099,0.0042
"515","Ireland","01/01/1949",2.981,NA,6.3,NA,655.8612457,655.8612457,220.013836195907,0.636,0.427,0.007,0.364,0.7949,0.1099,0.0042
"516","Ireland","01/01/1950",2.969,NA,11.3,NA,659.0264129,659.0264129,221.96915220613,0.686,0.427,0.007,0.314,0.7949,0.1099,0.0042
"517","Ireland","01/01/1951",2.959,NA,12.1,NA,662.5602076,662.5602076,223.913554444069,0.605,0.427,0.007,0.395,0.7949,0.1099,0.0042
"518","Ireland","01/01/1952",2.953,NA,13,NA,666.5087082,666.5087082,225.705624178801,0.555,0.427,0.007,0.445,0.7949,0.1099,0.0042
"519","Ireland","01/01/1953",2.949,NA,11.9,NA,669.950346,669.950346,227.17882197355,0.553,0.427,0.007,0.447,0.7949,0.1099,0.0042
"520","Ireland","01/01/1954",2.941,NA,10.5,NA,672.7468858,672.7468858,228.747666031962,0.56,0.427,0.007,0.44,0.7949,0.1099,0.0042
"521","Ireland","01/01/1955",2.921,NA,9,NA,674.8522491,674.8522491,231.034662478603,0.484,0.427,0.007,0.516,0.7949,0.1099,0.0042
"522","Ireland","01/01/1956",2.898,NA,10.1,NA,677.4644752,677.4644752,233.769660179434,0.5125,0.427,0.007,0.557,0.7949,0.1099,0.0042
"523","Ireland","01/01/1957",2.885,NA,8,NA,679.1090542,679.1090542,235.393086377816,0.541,0.427,0.007,0.459,0.7949,0.1099,0.0042
"524","Ireland","01/01/1958",2.853,NA,5.7,NA,679.6938293,679.6938293,238.238285769366,0.427,0.427,0.007,0.573,0.7949,0.1099,0.0042
"525","Ireland","01/01/1959",2.846,NA,6.7,NA,680.7393887,680.7393887,239.19163341532,0.3815,0.3815,0.007,0.585,0.7949,0.1099,0.0042
"526","Ireland","01/01/1960",2.834,NA,6,NA,681.4623991,681.4623991,240.45956213832,0.336,0.336,0.007,0.664,0.7949,0.1099,0.0042
"527","Ireland","01/01/1961",2.818,NA,6,NA,682.1854095,682.1854095,242.081408623137,0.274,0.274,0.007,0.726,0.7949,0.1099,0.0042
"528","Ireland","01/01/1962",2.83,NA,6.8,NA,683.2770473,683.2770473,241.440652756184,0.292,0.292,0.007,0.708,0.7949,0.1099,0.0042
"529","Ireland","01/01/1963",2.85,NA,7.4,NA,684.6451557,684.6451557,240.226370421053,0.303,0.303,0.007,0.697,0.7949,0.1099,0.0042
"530","Ireland","01/01/1964",2.864,NA,8.9,NA,686.7044406,686.7044406,239.771103561453,0.265,0.265,0.007,0.735,0.7949,0.1099,0.0042
"531","Ireland","01/01/1965",2.876,690.1,11.8,NA,690.1,690.1,239.951321279555,0.297,0.297,0.007,0.703,0.7949,0.1099,0.0042
"532","Ireland","01/01/1966",2.884,694.8,10.2,5.5,694.8,694.8,240.915395284327,0.346,0.346,0.007,0.654,0.7949,0.1099,0.0042
"533","Ireland","01/01/1967",2.899,702.1,8.3,5,702.1,702.1,242.186961021042,0.417,0.41,0.007,0.583,0.7949,0.1099,0.0042
"534","Ireland","01/01/1968",2.91,707.7,11.9,6.3,707.7,707.7,243.19587628866,0.364,0.353,0.011,0.636,0.7949,0.1099,0.0042
"535","Ireland","01/01/1969",2.921,715.7,14,6,715.7,715.7,245.018829168093,0.288,0.284,0.004,0.712,0.7949,0.1099,0.0042
"536","Ireland","01/01/1970",2.95,722.8,13.6,6.4,722.8,801.656,245.016949152542,0.355,0.343,0.012,0.645,0.7949,0.1099,0.0042
"537","Ireland","01/01/1971",2.98,731.3,15,6.5,731.3,812.896,245.402684563758,0.287,0.283,0.004,0.713,0.7949,0.1099,0.0042
"538","Ireland","01/01/1972",3.01,746.8,21.6,6.5,746.8,825.341,248.106312292359,0.277,0.274,0.003,0.723,0.7949,0.1099,0.0042
"539","Ireland","01/01/1973",3.03,765,24.7,6.5,765,842.796,252.475247524752,0.255,0.246,0.009,0.745,0.7949,0.1099,0.0042
"540","Ireland","01/01/1974",3.09,784.7,26.3,6.5,784.7,862.75,253.948220064725,0.26,0.257,0.003,0.74,0.7949,0.1099,0.0042
"541","Ireland","01/01/1975",3.13,805.1,20,6.5,805.1,883.995,257.220447284345,0.331,0.327,0.004,0.669,0.7949,0.1099,0.0042
"542","Ireland","01/01/1976",3.23,822.6,24,6.5,822.6,905.755,254.674922600619,0.308,0.303,0.005,0.692,0.7949,0.1099,0.0042
"543","Ireland","01/01/1977",3.27,840.7,24.6,6.5,840.7,925.175,257.094801223242,0.261,0.258,0.003,0.739,0.7949,0.1099,0.0042
"544","Ireland","01/01/1978",3.31,859.6,25.4,6.5,859.6,945.038,259.697885196375,0.241,0.239,0.002,0.759,0.7949,0.1099,0.0042
"545","Ireland","01/01/1979",3.37,879.6,26.5,6.5,879.6,965.626,261.008902077151,0.235,0.235,0.002,0.765,0.7949,0.1099,0.0042
"546","Ireland","01/01/1980",3.4,900.9,27.8,6.5,900.9,987.104,264.970588235294,0.215368004,0.2198,0.002,0.784631996,0.7949,0.1099,0.0042
"547","Ireland","01/01/1981",3.44,923.3,28.9,6.5,923.3,1009.585,268.401162790698,0.19645883,0.1972,0.002,0.80354117,0.7993,0.0035,0.0042
"548","Ireland","01/01/1982",3.4,943.6,26.8,6.5,943.6,1028.937,277.529411764706,0.212180013,0.2127,0.002,0.787819987,0.7836,0.0037,0.0042
"549","Ireland","01/01/1983",3.47,951.4,26.1,7.5,951.4,1046.871,274.178674351585,0.236819956,0.2375,0.002,0.763180044,0.7586,0.0038,0.0042
"550","Ireland","01/01/1984",3.54,968.9,24.9,7.5,968.9,1064.363,273.700564971751,0.280708788,0.2551,0.002,0.719291212,0.1633,0.0082,0.0042
"551","Ireland","01/01/1985",3.55,978,23.9,7.5,978,1081.056,275.492957746479,0.272381827,0.2658,0.002,0.727618173,0.5696,0.0127,0.0042
"552","Ireland","01/01/1986",3.54,991,22.7,8,991,1097.082,279.943502824859,0.243209877,0.2423,0.002,0.756790123,0.7445,0.1322,0.0132
"553","Ireland","01/01/1987",3.54,999.5,18.5,10,999.5,1112.26,282.344632768362,0.166612466,0.1685,0.002,0.833387534,0.8207,0.0054,0.0054
"554","Ireland","01/01/1988",3.54,1005.2,15.7,10,1005.2,1124.607,283.954802259887,0.092628082,0.0955,0.002,0.907371918,0.8981,0.0064,0.0064
"555","Ireland","01/01/1989",3.52,1015,18,8,1015,1135.083,288.352272727273,0.042506088,0.0740657895,0.002,0.957493912,0.9227342105,0.011677377,0.0064
"556","Ireland","01/01/1990",3.5,1026,19.5,8,1026,1147.174,293.142857142857,0.075003743,0.052631579,0.002,0.924996257,0.947368421,0.016954754,0.0064
"557","Ireland","01/01/1991",3.534,1038,19.7,8,1038,1160.249,293.718166383701,0.08703603,0.035087719,0.002,0.91296397,0.649122807,0.022232131,0.0064
"558","Ireland","01/01/1992",3.558,NA,22.4,NA,1052.479,1176.286,295.80635188308,0.087064352,0.04178273,0.002,0.912935648,0.582172702,0.027509508,0.0064
"559","Ireland","01/01/1993",3.576,NA,21.5,NA,1066.058,1194.618,298.114653243848,0.113005515,0.032786885,0.002,0.886994485,0.639344262,0.032786885,0.0064
"560","Ireland","01/01/1994",3.59,1085,26.863,8,1085,1212.074,302.228412256267,0.136919136,0.032786885,0.002,0.863080864,0.639344262,0.032786885,0.0064
"561","Ireland","01/01/1995",3.609,1107,30.6,8.3,1107,1233.996,306.733167082294,0.154274088,0.032786885,0.002,0.845725912,0.639344262,0.032786885,0.0064
"562","Ireland","01/01/1996",3.638,NA,33.725,NA,1139.1425,1258.948,313.12328202309,0.129686327,0.032786885,0.002,0.870313673,0.639344262,0.032786885,0.0064
"563","Ireland","01/01/1997",3.674,1177,38.84,7.1,1177,1290.36,320.359281437126,0.100768509,0.032786885,0.002,0.899231491,0.639344262,0.032786885,0.0064
"564","Ireland","01/01/1998",3.713,1212,42.35,7.4,1212,1326.538,326.420684082952,0.087890807,0.032786885,0.002,0.912109193,0.639344262,0.032786885,0.0064
"565","Ireland","01/01/1999",3.755,NA,46.512,NA,1269.768702,1365.983,338.154115046605,0.090709274,0.032786885,0.002,0.909290726,0.639344262,0.032786885,0.0064
"566","Ireland","01/01/2000",3.805,NA,49.812,NA,1330.260782,1409.305,349.608615505913,0.081826232,0.032786885,0.002,0.918173768,0.639344262,0.032786885,0.0064
"567","Ireland","01/01/2001",3.866,NA,52.602,NA,1393.055352,1455.701,360.335062596999,0.115871957,0.032786885,0.002,0.884128043,0.639344262,0.032786885,0.0064
"568","Ireland","01/01/2002",3.932,1460.053,57.695,NA,1460.053,1504.695,371.325788402848,0.110235411,0.032786885,0.002,0.889764589,0.639344262,0.032786885,0.0064
"569","Ireland","01/01/2003",3.997,NA,68.819,NA,1528.184964,1558.433,382.332990743057,0.095113677,0.032786885,0.002,0.904886323,0.639344262,0.032786885,0.0064
"570","Ireland","01/01/2004",4.07,NA,76.954,NA,1603.030463,1622.532,393.864978624079,0.078498556,0.032786885,0.002,0.921501444,0.639344262,0.032786885,0.0064
"571","Ireland","01/01/2005",4.16,NA,80.957,NA,1681.179501,1694.208,404.129687740385,0.079108397,0.032786885,0.002,0.920891603,0.639344262,0.032786885,0.0064
"572","Ireland","01/01/2006",4.274,1769.613,93.419,NA,1769.613,1769.613,414.041413196069,0.064937405,0.032786885,0.002,0.935062595,0.639344262,0.032786885,0.0064
"573","Ireland","01/01/2007",4.399,NA,78.027,NA,1849.096028,1849.256,420.344630143214,0.087075561,0.032786885,0.002,0.912924439,0.639344262,0.032786885,0.0064
"574","Ireland","01/01/2008",4.49,NA,51.724,NA,1906.872093,1915.776,424.693116481069,0.149008316,0.032786885,0.002,0.850991684,0.639344262,0.032786885,0.0064
"575","Ireland","01/01/2009",4.535,NA,26.42,NA,1943.765637,1959.872,428.61425292172,0.224462761,0.032786885,0.002,0.775537239,0.639344262,0.032786885,0.0064
"576","Ireland","01/01/2010",4.56,NA,14.602,NA,1970.906191,1982.396,432.21626995614,0.288827203,0.184316447,0.104510756,0.711172797,0.639344262,0.032786885,0.0064
"577","Ireland","01/01/2011",4.58,1994.645,10.48,NA,1994.645,1994.845,435.512008733624,0.185868587,0.074107411,0.111761176,0.814131413,0.639344262,0.032786885,0.0064
"578","Ireland","01/01/2012",4.6,NA,8.488,NA,1994.305416,1996.952,433.544655652174,0.177172061,0.061839864,0.115332198,0.822827939,0.639344262,0.032786885,0.0064
"579","Ireland","01/01/2013",4.624,NA,8.301,NA,1993.811508,1998.431,431.187609861592,0.114001357,0.066274599,0.047726759,0.885998643,0.639344262,0.032786885,0.0064
"580","Ireland","01/01/2014",4.658,NA,11.016,NA,1995.558196,1999.809,428.41524173465,0.109834889,0.024407753,0.085427136,0.890165111,0.639344262,0.032786885,0.0064
"581","Ireland","01/01/2015",4.702,NA,12.666,NA,1998.666572,2001.471,425.067327094853,0.038730675,0.006102522,0.032628153,0.961269325,0.639344262,0.032786885,0.0064
"582","Ireland","01/01/2016",4.755,2003.645,14.932,NA,2003.645,2003.645,421.376445846477,0.153432741,0.006102522,0.032628153,0.846567259,0.639344262,0.032786885,0.0064
"583","Ireland","01/01/2017",4.807,2006.986,14.346,NA,2006.986,2006.986,417.513209902226,0.156525097,0.006102522,0.032628153,0.843474903,0.639344262,0.032786885,0.0064
"584","Ireland","01/01/2018",4.867,2014.796,17.908,NA,2014.796,2014.796,413.97082391617,0.176991804,0.006102522,0.032628153,0.823008196,0.639344262,0.032786885,0.0064
"585","Ireland","01/01/2019",4.934,2026.142,21.075,NA,2026.142,2026.142,410.648966355898,0.216372186,0.006102522,0.032628153,0.783627814,0.639344262,0.032786885,0.0064
"586","Ireland","01/01/2020",4.995,2040.618,20.535,NA,2040.618,2040.618,408.532132132132,0.205913411,0.006102522,0.032628153,0.794086589,0.639344262,0.032786885,0.0064
"587","Italy","01/01/1948",46,NA,37,NA,10548.32311,10548.32311,229.311371956522,0.192,0.116,0.076,0.808,0.3816,0.2035,0.2937
"588","Italy","01/01/1949",46.31,NA,46.1,NA,10593.12379,10593.12379,228.74376570935,0.192,0.116,0.076,0.808,0.3816,0.2035,0.2937
"589","Italy","01/01/1950",46.6,NA,74.1,NA,10665.13529,10665.13529,228.86556416309,0.192,0.116,0.076,0.808,0.3816,0.2035,0.2937
"590","Italy","01/01/1951",47,10756,93.5,NA,10756,10756,228.851063829787,0.192,0.116,0.076,0.808,0.3816,0.2035,0.2937
"591","Italy","01/01/1952",47.32,NA,117.2,NA,10870.53096,10870.53096,229.723815722739,0.192,0.116,0.076,0.808,0.3816,0.2035,0.2937
"592","Italy","01/01/1953",47.53,NA,150.4,NA,11017.32618,11017.32618,231.797310751105,0.192,0.116,0.076,0.808,0.3816,0.2035,0.2937
"593","Italy","01/01/1954",47.8,NA,177.4,5,11190.36041,11190.36041,234.107958368201,0.192,0.116,0.076,0.808,0.3816,0.2035,0.2937
"594","Italy","01/01/1955",48.06,NA,215.9,4,11402.89463,11402.89463,237.263725135248,0.192,0.116,0.076,0.808,0.3816,0.2035,0.2937
"595","Italy","01/01/1956",48.28,NA,231.6,4,11631.12886,11631.12886,240.909876967688,0.192,0.116,0.076,0.808,0.3816,0.2035,0.2937
"596","Italy","01/01/1957",48.48,NA,269.7,6,11895.46309,11895.46309,245.368463077558,0.192,0.116,0.076,0.808,0.3816,0.2035,0.2937
"597","Italy","01/01/1958",49.04,NA,276,8,12164.09732,12164.09732,248.044398858075,0.192,0.116,0.076,0.808,0.3816,0.2035,0.2937
"598","Italy","01/01/1959",49.36,NA,292,9,12447.73154,12447.73154,252.182567666126,0.192,0.116,0.076,0.808,0.3816,0.2035,0.2937
"599","Italy","01/01/1960",49.64,NA,290.6,9,12729.96577,12729.96577,256.445724617244,0.192,0.116,0.076,0.808,0.3816,0.2035,0.2937
"600","Italy","01/01/1961",49.9,13032,313.4,12,13032,13032,261.162324649299,0.192,0.116,0.076,0.808,0.3816,0.2035,0.2937
"601","Italy","01/01/1962",50.24,NA,362.7,17,13258.87,13258.87,263.910628980892,0.192,0.116,0.076,0.808,0.3816,0.2035,0.2937
"602","Italy","01/01/1963",50.64,NA,417.1,16,13541.14,13541.14,267.400078988942,0.192,0.116,0.076,0.808,0.3816,0.2035,0.2937
"603","Italy","01/01/1964",51.12,NA,450,12,13860.31,13860.31,271.132824726135,0.192,0.116,0.076,0.808,0.3816,0.2035,0.2937
"604","Italy","01/01/1965",51.58,NA,375.3,12,14104.78,14104.78,273.454439705312,0.192,0.116,0.076,0.808,0.3816,0.2035,0.2937
"605","Italy","01/01/1966",51.96,NA,389.3,12.1,14363.15,14363.15,276.427059276366,0.192,0.116,0.076,0.808,0.3816,0.2035,0.2937
"606","Italy","01/01/1967",52.33,NA,267.8,11.6,14500.52,14500.52,277.097649531817,0.192,0.116,0.076,0.808,0.3816,0.2035,0.2937
"607","Italy","01/01/1968",52.75,NA,281.8,15.7,14647.79,14647.79,277.683222748815,0.192,0.116,0.076,0.808,0.3816,0.2035,0.2937
"608","Italy","01/01/1969",53.17,NA,294.6,11.9,14811.66,14811.66,278.571750987399,0.192,0.116,0.076,0.808,0.3816,0.2035,0.2937
"609","Italy","01/01/1970",53.66,NA,377.2,5.2,15064.83,15064.83,280.745993291092,0.192,0.116,0.076,0.808,0.3816,0.2035,0.2937
"610","Italy","01/01/1971",54.01,15301,360.6,5.6,15301,15301,283.299389002037,0.192,0.116,0.076,0.808,0.3816,0.2035,0.2937
"611","Italy","01/01/1972",54.41,NA,259,4.5,15582.8545,15582.8545,286.39688476383,0.192,0.116,0.076,0.808,0.3816,0.2035,0.2937
"612","Italy","01/01/1973",54.91,NA,196.6,4.7,15802.109,15802.109,287.781988708796,0.192,0.116,0.076,0.808,0.3816,0.2035,0.2937
"613","Italy","01/01/1974",55.41,NA,165.5,3.5,15991.4635,15991.4635,288.602481501534,0.192,0.116,0.076,0.808,0.3816,0.2035,0.2937
"614","Italy","01/01/1975",55.81,NA,219.6,2.5,16235.918,16235.918,290.914137251389,0.192,0.116,0.076,0.808,0.3816,0.2035,0.2937
"615","Italy","01/01/1976",56.17,NA,184.3,2.6,16444.97249,16444.97249,292.771452554745,0.192,0.116,0.076,0.808,0.3816,0.2035,0.2937
"616","Italy","01/01/1977",56.46,NA,149.4,2.1,16619.62699,16619.62699,294.361087318456,0.192,0.116,0.076,0.808,0.3816,0.2035,0.2937
"617","Italy","01/01/1978",56.7,NA,153.8,NA,16798.61965,16798.61965,296.271951499118,0.192,0.116,0.076,0.808,0.3816,0.2035,0.2937
"618","Italy","01/01/1979",56.91,NA,136.731,NA,16960.78322,16960.78322,298.028171147426,0.192,0.116,0.076,0.808,0.3816,0.2035,0.2937
"619","Italy","01/01/1980",56.42,NA,287,NA,17271.10359,17271.10359,306.116688940092,0.1192,0.0302,0.089,0.8808,0.3816,0.2035,0.2937
"620","Italy","01/01/1981",56.5,17542,247.014,NA,17542,17542,310.477876106195,0.1023,0.0245,0.0778,0.8977,0.4011,0.1979,0.2974
"621","Italy","01/01/1982",56.64,NA,265.471,NA,17824.11371,17824.11371,314.691273128531,0.0826,0.0178,0.0648,0.9174,0.4238,0.1913,0.3016
"622","Italy","01/01/1983",56.04,NA,222,NA,18063.36747,18063.36747,322.329897751606,0.0593,0.01,0.0494,0.9407,0.4506,0.1834,0.3066
"623","Italy","01/01/1984",56.9,NA,180.7,NA,18261.90174,18261.90174,320.947306502636,0.1216,0.0182,0.0988,0.8784,0.4418,0.1476,0.289
"624","Italy","01/01/1985",57.13,NA,200.8,NA,18480.25349,18480.25349,323.477218449151,0.0829,0.0161,0.0651,0.9171,0.4245,0.1861,0.2788
"625","Italy","01/01/1986",57.22,NA,154.4,NA,18652.85744,18652.85744,325.984925550507,0.0865,0.0105,0.076,0.9135,0.4394,0.164,0.31
"626","Italy","01/01/1987",57.33,NA,191.4,NA,18861.94131,18861.94131,329.006476713762,0.0694,0.015,0.0545,0.9306,0.4345,0.152,0.3441
"627","Italy","01/01/1988",57.44,NA,208,NA,19087.39185,19087.39185,332.30139014624,0.0429,0.0072,0.0358,0.9571,0.4455,0.1595,0.352
"628","Italy","01/01/1989",57.52,NA,196.132,NA,19301.14121,19301.14121,335.555306154381,0.0368028336666667,0.00610499633333333,0.030764504,0.963197166333333,0.420788217666667,0.146788217666667,0.395554064
"629","Italy","01/01/1990",57.66,NA,194.929,NA,19513.70448,19513.70448,338.427063475546,0.0307056673333333,0.00500999266666667,0.025729008,0.969294332666667,0.396076435333333,0.134076435333333,0.439108128
"630","Italy","01/01/1991",56.76,19736,204.8,NA,19736,19736,347.709654686399,0.024608501,0.003914989,0.020693512,0.975391499,0.371364653,0.121364653,0.482662192
"631","Italy","01/01/1992",56.8,NA,211.5,NA,19968.4746,19968.4746,351.557651408451,0.026200873,0.004912664,0.02128821,0.973799127,0.375545852,0.112445415,0.48580786
"632","Italy","01/01/1993",56.83,NA,167.69,NA,20157.75501,20157.75501,354.702710012317,0.030864198,0.004912664,0.02128821,0.969135802,0.375545852,0.112445415,0.48580786
"633","Italy","01/01/1994",56.84,NA,171.272,NA,20350.56706,20350.56706,358.032495777621,0.029761905,0.004912664,0.02128821,0.970238095,0.375545852,0.112445415,0.48580786
"634","Italy","01/01/1995",56.84,NA,187,NA,20558.88604,20558.88604,361.697502463054,0.025157233,0.004912664,0.02128821,0.974842767,0.375545852,0.112445415,0.48580786
"635","Italy","01/01/1996",56.86,NA,150.276,NA,20730.99723,20730.99723,364.59720770313,0.033491164,0.004912664,0.02128821,0.966508836,0.375545852,0.112445415,0.48580786
"636","Italy","01/01/1997",56.89,NA,156,NA,20908.75195,20908.75195,367.529477060995,0.041825095,0.004912664,0.02128821,0.958174905,0.375545852,0.112445415,0.48580786
"637","Italy","01/01/1998",56.91,NA,132.895,NA,21063.72644,21063.72644,370.12346582323,0.041825095,0.004912664,0.02128821,0.958174905,0.375545852,0.112445415,0.48580786
"638","Italy","01/01/1999",56.92,NA,151.652,NA,21237.19428,21237.19428,373.106013352073,0.041825095,0.004912664,0.02128821,0.958174905,0.375545852,0.112445415,0.48580786
"639","Italy","01/01/2000",56.94,NA,184.423,NA,21442.97248,21442.97248,376.588909027046,0.041825095,0.004912664,0.02128821,0.958174905,0.375545852,0.112445415,0.48580786
"640","Italy","01/01/2001",56.97,21653.288,189.025,NA,21653.288,21653.288,380.082288923995,0.041825095,0.004912664,0.02128821,0.958174905,0.375545852,0.112445415,0.48580786
"641","Italy","01/01/2002",57.06,NA,209.228,NA,21904.39953,21904.39953,383.883623028391,0.041825095,0.004912664,0.02128821,0.958174905,0.375545852,0.112445415,0.48580786
"642","Italy","01/01/2003",57.31,NA,229.526,NA,22175.52375,22175.52375,386.939866515442,0.041825095,0.004912664,0.02128821,0.958174905,0.375545852,0.112445415,0.48580786
"643","Italy","01/01/2004",57.69,NA,268.385,NA,22484.96076,22484.96076,389.754910036401,0.041825095,0.004912664,0.02128821,0.958174905,0.375545852,0.112445415,0.48580786
"644","Italy","01/01/2005",57.97,NA,278.602,NA,22804.47116,22804.47116,393.384011730205,0.041825095,0.004912664,0.02128821,0.958174905,0.375545852,0.112445415,0.48580786
"645","Italy","01/01/2006",58.14,NA,261.455,NA,23107.07558,23107.07558,397.438520467836,0.041825095,0.004912664,0.02128821,0.958174905,0.375545852,0.112445415,0.48580786
"646","Italy","01/01/2007",58.44,NA,250.272,NA,23398.65419,23398.65419,400.387648699521,0.041825095,0.004912664,0.02128821,0.958174905,0.375545852,0.112445415,0.48580786
"647","Italy","01/01/2008",58.83,NA,191.783,NA,23632.56593,23632.56593,401.709432772395,0.041825095,0.004912664,0.02128821,0.958174905,0.375545852,0.112445415,0.48580786
"648","Italy","01/01/2009",59.1,NA,141.586,NA,23816.98626,23816.98626,402.994691370558,0.041825095,0.004912664,0.02128821,0.958174905,0.375545852,0.112445415,0.48580786
"649","Italy","01/01/2010",59.28,NA,119.409,NA,23979.5413,23979.5413,404.513179824561,0.041825095,0.004912664,0.02128821,0.958174905,0.375545852,0.112445415,0.48580786
"650","Italy","01/01/2011",59.38,24135.177,112.391,NA,24135.177,24135.177,406.45296396093,0.041825095,0.004912664,0.02128821,0.958174905,0.375545852,0.112445415,0.48580786
"651","Italy","01/01/2012",59.54,NA,82.058,NA,NA,NA,NA,0.041825095,0.004912664,0.02128821,0.958174905,0.375545852,0.112445415,0.48580786
"652","Italy","01/01/2013",60.23,NA,53.408,NA,NA,NA,NA,0.041825095,0.004912664,0.02128821,0.958174905,0.375545852,0.112445415,0.48580786
"653","Italy","01/01/2014",60.79,NA,46.796,NA,NA,NA,NA,0.041825095,0.004912664,0.02128821,0.958174905,0.375545852,0.112445415,0.48580786
"654","Italy","01/01/2015",60.73,NA,42.92,NA,NA,NA,NA,0.041825095,0.004912664,0.02128821,0.958174905,0.375545852,0.112445415,0.48580786
"655","Italy","01/01/2016",60.63,NA,44.583,NA,NA,NA,NA,0.041825095,0.004912664,0.02128821,0.958174905,0.375545852,0.112445415,0.48580786
"656","Italy","01/01/2017",60.54,NA,51.859,NA,NA,NA,NA,0.041825095,0.004912664,0.02128821,0.958174905,0.375545852,0.112445415,0.48580786
"657","Italy","01/01/2018",60.42,NA,54.664,NA,NA,NA,NA,0.041825095,0.004912664,0.02128821,0.958174905,0.375545852,0.112445415,0.48580786
"658","Netherlands","01/01/1948",9.8,NA,37,NA,2161.788412,2161.788412,220.590654285714,0.843,0.519,0.324,0.157,0.1658,0.2623,0.4819
"659","Netherlands","01/01/1949",9.956,NA,44,NA,2199.556652,2199.556652,220.927747288068,0.758,0.428,0.33,0.242,0.1658,0.2623,0.4819
"660","Netherlands","01/01/1950",10.11,NA,52,NA,2244.191845,2244.191845,221.977432739862,0.651,0.391,0.26,0.34,0.1658,0.2623,0.4819
"661","Netherlands","01/01/1951",10.26,NA,63.1,NA,2298.354936,2298.354936,224.011202339181,0.702,0.428,0.274,0.298,0.1658,0.2623,0.4819
"662","Netherlands","01/01/1952",10.38,NA,56.7,NA,2347.024464,2347.024464,226.110256647399,0.626,0.357,0.269,0.374,0.1658,0.2623,0.4819
"663","Netherlands","01/01/1953",10.49,NA,61.6,NA,2399.9,2399.9,228.779790276454,0.671,0.362,0.309,0.329,0.1658,0.2623,0.4819
"664","Netherlands","01/01/1954",10.62,2459.9,69.9,9.9,2459.9,2459.9,231.629001883239,0.619,0.311,0.308,0.381,0.1658,0.2623,0.4819
"665","Netherlands","01/01/1955",10.75,2512.2,61.1,9.6,2512.2,2512.2,233.693023255814,0.531,0.286,0.245,0.469,0.1658,0.2623,0.4819
"666","Netherlands","01/01/1956",10.89,2582.7,68.5,9.6,2582.7,2582.7,237.162534435262,0.509,0.232,0.277,0.491,0.1658,0.2623,0.4819
"667","Netherlands","01/01/1957",11.02,2663.8,88.5,9.1,2663.8,2663.8,241.724137931035,0.528,0.273,0.255,0.472,0.1658,0.2623,0.4819
"668","Netherlands","01/01/1958",11.19,2744.3,90.8,9.5,2744.3,2744.3,245.245755138517,0.582,0.31,0.272,0.418,0.1658,0.2623,0.4819
"669","Netherlands","01/01/1959",11.35,2818.3,84.3,10.3,2818.3,2818.3,248.308370044053,0.569,0.295,0.274,0.431,0.1658,0.2623,0.4819
"670","Netherlands","01/01/1960",11.48,2870.5,84.6,11.1,2870.5,2870.5,250.043554006969,0.498,0.236,0.262,0.502,0.1658,0.2623,0.4819
"671","Netherlands","01/01/1961",11.64,2941.1,83.4,12.8,2941.1,2941.1,252.671821305842,0.421,0.219,0.202,0.579,0.1658,0.2623,0.4819
"672","Netherlands","01/01/1962",11.8,3007.9,78.9,13.2,3007.9,3007.9,254.906779661017,0.389,0.183,0.206,0.611,0.1658,0.2623,0.4819
"673","Netherlands","01/01/1963",11.97,3072.1,80.1,13.4,3072.1,3072.1,256.649958228906,0.44,0.198,0.242,0.56,0.1658,0.2623,0.4819
"674","Netherlands","01/01/1964",12.13,3159.9,101.7,13.9,3159.9,3159.9,260.502885408079,0.453,0.21,0.243,0.546,0.1658,0.2623,0.4819
"675","Netherlands","01/01/1965",12.29,NA,115.6,14.5,3261,3261,265.337672904801,0.483,0.223,0.26,0.517,0.1658,0.2623,0.4819
"676","Netherlands","01/01/1966",12.46,NA,122.1,17.1,3366,3366,270.144462279294,0.519,0.249,0.27,0.48,0.1658,0.2623,0.4819
"677","Netherlands","01/01/1967",12.6,3477.1,128,16.9,3477.1,3477.1,275.960317460317,0.568,0.261,0.307,0.432,0.1658,0.2623,0.4819
"678","Netherlands","01/01/1968",12.72,3582,123.4,18.3,3582,3582,281.603773584906,0.567,0.238,0.329,0.432,0.1658,0.2623,0.4819
"679","Netherlands","01/01/1969",12.87,3687.2,123.8,18.5,3687.2,3687.2,286.495726495727,0.507,0.19,0.317,0.493,0.1658,0.2623,0.4819
"680","Netherlands","01/01/1970",13.03,3786.5,118,16.6,3786.5,3786.5,290.598618572525,0.479,0.163,0.316,0.521,0.1658,0.2623,0.4819
"681","Netherlands","01/01/1971",13.19,3905.5,137.5,18.6,3905.5,3905.5,296.095526914329,0.485,0.089,0.396,0.515,0.1658,0.2623,0.4819
"682","Netherlands","01/01/1972",13.33,NA,153,17,4041.55,4041.55,303.192048012003,0.475,0.065,0.41,0.525,0.1658,0.2623,0.4819
"683","Netherlands","01/01/1973",13.44,4182.9,156.3,15,4182.9,4182.9,311.227678571429,0.467,0.058,0.409,0.533,0.1658,0.2623,0.4819
"684","Netherlands","01/01/1974",13.54,4313.1,147.2,17,4313.1,4313.1,318.545051698671,0.416,0.042,0.374,0.584,0.1658,0.2623,0.4819
"685","Netherlands","01/01/1975",13.65,4420,120,15,4420,4420,323.809523809524,0.382,0.045,0.337,0.62,0.1658,0.2623,0.4819
"686","Netherlands","01/01/1976",13.77,4480,108.2,15,4480,4480,325.344952795933,0.37,0.031,0.339,0.63,0.1658,0.2623,0.4819
"687","Netherlands","01/01/1977",13.85,4578,112.6,15,4578,4578,330.541516245487,0.347,0.026,0.321,0.653,0.1658,0.2623,0.4819
"688","Netherlands","01/01/1978",13.94,4672,107.4,13,4672,4672,335.150645624103,0.304,0.027,0.277,0.696,0.1658,0.2623,0.4819
"689","Netherlands","01/01/1979",14.03,4748,88.8,14,4748,4748,338.417676407698,0.274,0.02305,0.320483333333333,0.726,0.1658,0.2623,0.4819
"690","Netherlands","01/01/1980",14.14,4848.7,113.8,NA,4848.7,4848.7,342.906647807638,0.342,0.0191,0.363966666666667,0.658,0.1658,0.2623,0.4819
"691","Netherlands","01/01/1981",14.25,NA,117.5,13.5,4955.45,4955.45,347.750877192982,0.467,0.01515,0.40745,0.533,0.1658,0.2623,0.4819
"692","Netherlands","01/01/1982",14.31,5071.9,126.3,12.6,5071.9,5071.9,354.430468204053,0.532,0.0112,0.450933333333333,0.468,0.1658,0.2623,0.4819
"693","Netherlands","01/01/1983",14.36,5178.2,114.4,11.3,5178.2,5178.2,360.598885793872,0.473,0.00725,0.494416666666667,0.527,0.1658,0.2623,0.4819
"694","Netherlands","01/01/1984",14.42,5239.3,115.7,11.6,5239.3,5239.3,363.335644937587,0.5719,0.0033,0.5379,0.4281,0.1658,0.2623,0.4819
"695","Netherlands","01/01/1985",14.48,5384.1,101.1,10.1,5384.1,5384.1,371.830110497238,0.4047,0.0479,0.3568,0.5953,0.1346,0.4608,0.4608
"696","Netherlands","01/01/1986",14.56,5483,108.9,12,5483,5483,376.57967032967,0.3878,0.03,0.3578,0.6122,0.147,0.4652,0.4652
"697","Netherlands","01/01/1987",14.66,5589.2,115.7,12,5589.2,5589.2,381.255115961801,0.3518,0.0424,0.3094,0.6482,0.1409,0.5073,0.4589
"698","Netherlands","01/01/1988",14.8,5699.4,123.5,12.7,5699.4,5699.4,385.094594594595,0.3674,0.0338,0.3336,0.6326,0.1436,0.489,0.4924
"699","Netherlands","01/01/1989",14.76,NA,115.6,NA,5802.6,5802.6,393.130081300813,0.346944353,0.0317870635,0.3151572895,0.653055647,0.1513687885,0.489,0.5028735115
"700","Netherlands","01/01/1990",14.85,5892.2,101.4,11.5,5892.2,5892.2,396.781144781145,0.326488706,0.029774127,0.296714579,0.673511294,0.159137577,0.489,0.513347023
"701","Netherlands","01/01/1991",15.07,5965.9,86.9,12.8,5965.9,5965.9,395.879230258792,0.293124246,0.032569361,0.260554885,0.706875754,0.178528347,0.489,0.528347407
"702","Netherlands","01/01/1992",15.18,6043,86.164,11.659,6043,6043,398.089591567852,0.317865429,0.026682135,0.291183295,0.682134571,0.16937355,0.489,0.512761021
"703","Netherlands","01/01/1993",15.29,6116,87.7,12.984,6116,6116,400,0.291866029,0.029904306,0.261961722,0.708133971,0.187799043,0.489,0.5215311
"704","Netherlands","01/01/1994",15.38,6195.1,87.369,15.6,6195.1,6195.1,402.802340702211,0.296678121,0.029904306,0.261961722,0.703321879,0.187799043,0.489,0.5215311
"705","Netherlands","01/01/1995",15.46,6283,99,14,6283,6283,406.40362225097,0.29787234,0.029904306,0.261961722,0.70212766,0.187799043,0.489,0.5215311
"706","Netherlands","01/01/1996",15.53,6358,95,11.513,6358,6358,409.401159047006,0.348314607,0.029904306,0.261961722,0.651685393,0.187799043,0.489,0.5215311
"707","Netherlands","01/01/1997",15.61,6440.5,96.6,12.5,6440.5,6440.5,412.588084561179,0.272727273,0.029904306,0.261961722,0.727272727,0.187799043,0.489,0.5215311
"708","Netherlands","01/01/1998",15.71,6522.4,95.48,13.1,6522.4,6522.4,415.175047740293,0.225414365,0.029904306,0.261961722,0.774585635,0.187799043,0.489,0.5215311
"709","Netherlands","01/01/1999",15.81,6590,78.625,14.354,6590,6590,416.824794433903,0.207843611,0.029904306,0.261961722,0.792156389,0.187799043,0.489,0.5215311
"710","Netherlands","01/01/2000",15.93,6651,70.65,13.529,6651,6651,417.514124293785,0.190272857,0.029904306,0.261961722,0.809727143,0.187799043,0.489,0.5215311
"711","Netherlands","01/01/2001",16.05,6710,72.958,15.555,6710,6710,418.068535825545,0.172702103,0.029904306,0.261961722,0.827297897,0.187799043,0.489,0.5215311
"712","Netherlands","01/01/2002",16.15,6764,66.704,16.41,6764,6764,418.823529411765,0.203885824,0.029904306,0.261961722,0.796114176,0.187799043,0.489,0.5215311
"713","Netherlands","01/01/2003",16.23,6810,59.629,17.763,6810,6810,419.593345656192,0.231431015,0.029904306,0.261961722,0.768568985,0.187799043,0.489,0.5215311
"714","Netherlands","01/01/2004",16.28,6859,65.314,19.313,6859,6859,421.314496314496,0.287840279,0.029904306,0.261961722,0.712159721,0.187799043,0.489,0.5215311
"715","Netherlands","01/01/2005",16.32,6912,67.016,19.057,6912,6912,423.529411764706,0.325295452,0.029904306,0.261961722,0.674704548,0.187799043,0.489,0.5215311
"716","Netherlands","01/01/2006",16.35,6967,72.382,21.656,6967,6967,426.11620795107,0.341245061,0.029904306,0.261961722,0.658754939,0.187799043,0.489,0.5215311
"717","Netherlands","01/01/2007",16.38,7029,80.193,23.84,7029,7029,429.120879120879,0.314241891,0.029904306,0.261961722,0.685758109,0.187799043,0.489,0.5215311
"718","Netherlands","01/01/2008",16.45,7105,78.882,22.373,7105,7105,431.914893617021,0.354960574,0.029904306,0.261961722,0.645039426,0.187799043,0.489,0.5215311
"719","Netherlands","01/01/2009",16.53,7172,82.932,19.004,7172,7172,433.877797943134,0.366565379,0.029904306,0.261961722,0.633434621,0.187799043,0.489,0.5215311
"720","Netherlands","01/01/2010",16.62,7218,55.999,15.11,7218,7218,434.296028880866,0.510723406,0.029904306,0.261961722,0.489276594,0.187799043,0.489,0.5215311
"721","Netherlands","01/01/2011",16.69,7266,57.703,14.467,7266,7266,435.350509286998,0.495641474,0.029904306,0.261961722,0.504358526,0.187799043,0.489,0.5215311
"722","Netherlands","01/01/2012",16.75,7449.298,48.668,13.653,7449.298,7301.015,444.734208955224,0.540396154,0.029904306,0.261961722,0.459603846,0.187799043,0.489,0.5215311
"723","Netherlands","01/01/2013",16.8,7535.315,49.311,12.903,7535.315,7337.423,448.530654761905,0.605118533,0.029904306,0.261961722,0.394881467,0.187799043,0.489,0.5215311
"724","Netherlands","01/01/2014",16.87,7587.964,45.17,10.989,7587.964,7371.604,449.790397154712,0.380429489,0.029904306,0.261961722,0.619570511,0.187799043,0.489,0.5215311
"725","Netherlands","01/01/2015",16.94,7641.323,48.381,11.519,7641.323,7408.466,451.081641086187,0.308860916,0.029904306,0.261961722,0.691139084,0.187799043,0.489,0.5215311
"726","Netherlands","01/01/2016",17.03,7686.178,54.849,10.138,7686.178,7453.177,451.33165002936,0.277799048,0.029904306,0.261961722,0.722200952,0.187799043,0.489,0.5215311
"727","Netherlands","01/01/2017",17.13,7740.984,62.982,12.862,7740.984,7503.297,451.896322241681,0.228430345,0.029904306,0.261961722,0.771569655,0.187799043,0.489,0.5215311
"728","Netherlands","01/01/2018",17.23,7814.912,66.585,8.759,7814.912,7561.123,453.564248403947,0.209566719,0.029904306,0.261961722,0.790433281,0.187799043,0.489,0.5215311
"729","Netherlands","01/01/2019",17.34,7891.786,71.548,10.684,7891.786,7621.987,455.12029988466,0.199614245,0.029904306,0.261961722,0.800385755,0.187799043,0.489,0.5215311
"730","Netherlands","01/01/2020",17.44,7966.331,69.985,10.245,7966.331,7681.727,456.78503440367,0.226591412,0.029904306,0.261961722,0.773408588,0.187799043,0.489,0.5215311
"731","Norway","01/01/1948",3.2,NA,16.6,NA,890,890,278.125,0.247,0.022,0.225,0.753,0.728,0.115,0.025
"732","Norway","01/01/1949",3.233,NA,18.3,NA,890,890,275.286111970306,0.247,0.022,0.225,0.753,0.728,0.115,0.025
"733","Norway","01/01/1950",3.265,890,20.7,NA,890,890,272.588055130168,0.247,0.022,0.225,0.753,0.728,0.115,0.025
"734","Norway","01/01/1951",3.296,NA,20.9,NA,911.3866667,911.3866667,276.512944993932,0.247,0.022,0.225,0.753,0.728,0.115,0.025
"735","Norway","01/01/1952",3.327,NA,32.7,NA,932.7733333,932.7733333,280.364692906522,0.247,0.022,0.225,0.753,0.728,0.115,0.025
"736","Norway","01/01/1953",3.359,NA,35.1,NA,954.16,954.16,284.060732360822,0.247,0.022,0.225,0.753,0.728,0.115,0.025
"737","Norway","01/01/1954",3.392,NA,35.4,NA,975.5466667,975.5466667,287.602201267689,0.28,0.027,0.253,0.72,0.698,0.115,0.022
"738","Norway","01/01/1955",3.429,NA,32.1,NA,996.9333333,996.9333333,290.735880227472,0.286,0.031,0.255,0.714,0.695,0.115,0.019
"739","Norway","01/01/1956",3.462,NA,27.3,NA,1018.32,1018.32,294.142114384749,0.306,0.039,0.267,0.694,0.678,0.115,0.016
"740","Norway","01/01/1957",3.494,NA,26.5,NA,1039.706667,1039.706667,297.56916628506,0.315,0.039,0.276,0.685,0.667,0.115,0.018
"741","Norway","01/01/1958",3.523,NA,28.46511628,NA,1061.093333,1061.093333,301.19027334658,0.295,0.025,0.27,0.695,0.667,0.115,0.018
"742","Norway","01/01/1959",3.553,NA,27.95454545,NA,1082.48,1082.48,304.666479031804,0.31,0.023,0.287,0.679,0.667,0.115,0.018
"743","Norway","01/01/1960",3.581,NA,28.15909091,NA,1103.866667,1103.866667,308.256539234851,0.3,0.027,0.273,0.691,0.667,0.115,0.018
"744","Norway","01/01/1961",3.61,NA,29.97727273,NA,1125.253333,1125.253333,311.704524376731,0.293,0.025,0.268,0.696,0.667,0.115,0.018
"745","Norway","01/01/1962",3.639,NA,29.72727273,NA,1146.64,1146.64,315.097554273152,0.296,0.026,0.27,0.695,0.667,0.115,0.018
"746","Norway","01/01/1963",3.667,NA,28.8,NA,1168.026667,1168.026667,318.523770657213,0.331,0.038,0.293,0.649,0.667,0.115,0.018
"747","Norway","01/01/1964",3.694,NA,31.13953488,NA,1189.413333,1189.413333,321.985201136979,0.31,0.031,0.279,0.675,0.667,0.115,0.018
"748","Norway","01/01/1965",3.723,NA,29.86363636,NA,1210.8,1210.8,325.22159548751,0.282,0.037,0.245,0.708,0.667,0.115,0.018
"749","Norway","01/01/1966",3.753,NA,28.803,NA,1232.186667,1232.186667,328.320454836131,0.316,0.031,0.285,0.666,0.667,0.115,0.018
"750","Norway","01/01/1967",3.784,NA,31.055,NA,1253.573333,1253.573333,331.282593287526,0.329,0.043,0.286,0.6535,0.667,0.115,0.018
"751","Norway","01/01/1968",3.819,NA,33.5,NA,1274.96,1274.96,333.846556690233,0.342,0.055,0.287,0.641,0.591,0.115,0.05
"752","Norway","01/01/1969",3.851,NA,33,NA,1296.346667,1296.346667,336.625984679304,0.312,0.054,0.258,0.666,0.583,0.115,0.083
"753","Norway","01/01/1970",3.88,NA,36.5,NA,1317.733333,1317.733333,339.621993041237,0.236,0.039,0.197,0.735,0.633,0.115,0.102
"754","Norway","01/01/1971",3.9,NA,38.4,NA,1339.12,1339.12,343.364102564103,0.269,0.051,0.218,0.7165,0.5965,0.115,0.0625
"755","Norway","01/01/1972",3.93,NA,40.9,NA,1360.506667,1360.506667,346.184902544529,0.302,0.063,0.239,0.698,0.56,0.115,0.023
"756","Norway","01/01/1973",3.96,NA,42,NA,1381.893333,1381.893333,348.962962878788,0.305,0.065,0.24,0.695,0.533,0.131,0.031
"757","Norway","01/01/1974",3.99,NA,39.1,NA,1403.28,1403.28,351.699248120301,0.24,0.054,0.186,0.76,0.602,0.126,0.032
"758","Norway","01/01/1975",4.01,NA,41,NA,1424.666667,1424.666667,355.278470573566,0.243,0.052,0.191,0.757,0.608,0.108,0.041
"759","Norway","01/01/1976",4.03,NA,41.3,NA,1446.053333,1446.053333,358.822166997519,0.225,0.043,0.182,0.775,0.599,0.124,0.052
"760","Norway","01/01/1977",4.04,NA,37.6,NA,1467.44,1467.44,363.227722772277,0.209,0.04,0.169,0.791,0.661,0.104,0.026
"761","Norway","01/01/1978",4.06,NA,38.3,NA,1488.826667,1488.826667,366.706075615764,0.2,0.035,0.165,0.8,0.694,0.081,0.025
"762","Norway","01/01/1979",4.07,NA,36.2,NA,1510.213333,1510.213333,371.059786977887,0.22,0.047,0.173,0.78,0.666,0.095,0.019
"763","Norway","01/01/1980",4.09,1531.6,37.3,NA,1531.6,1531.6,374.474327628362,0.0271,0.047,0.173,0.9729,0.6969,0.1608,1.1525
"764","Norway","01/01/1981",4.1,NA,33.9,NA,1564.08,1564.08,381.482926829268,0.0324,0.047,0.173,0.9676,0.7522,0.1534,0.1327
"765","Norway","01/01/1982",4.11,NA,37.6,NA,1596.56,1596.56,388.457420924574,0.0243,0.047,0.173,0.9757,0.4201,0.1076,0.1007
"766","Norway","01/01/1983",4.13,NA,32.7,NA,1629.04,1629.04,394.440677966102,0.051,0.047,0.173,0.949,0.5942,0.1269,0.2279
"767","Norway","01/01/1984",4.14,NA,30.5,NA,1661.52,1661.52,401.333333333333,0.0452,0.047,0.173,0.9548,0.6489,0.1666,0.1397
"768","Norway","01/01/1985",4.15,1694,26,NA,1694,1694,408.192771084337,0.0423,0.047,0.173,0.9577,0.7123,0.0915,0.1546
"769","Norway","01/01/1986",4.17,1720,25.7,NA,1720,1720,412.470023980815,0.0328,0.047,0.173,0.9672,0.7278,0.0936,0.1478
"770","Norway","01/01/1987",4.19,1748,28.2,NA,1748,1748,417.183770883055,0.04875,0.047,0.173,1,0.7353,0.0993,1643.9706
"771","Norway","01/01/1988",4.21,1778,30.1,NA,1778,1778,422.327790973872,0.0647,0.047,0.173,0.9353,6.246,0.11,0.1974
"772","Norway","01/01/1989",4.23,NA,28,NA,1805.5,1805.5,426.832151300236,0.069387037,0.047,0.173,0.930612963,3.3822592595,0.1105555555,0.246848148
"773","Norway","01/01/1990",4.24,1833,11,NA,1833,1833,432.311320754717,0.074074074,0.047,0.173,0.925925926,0.518518519,0.111111111,0.296296296
"774","Norway","01/01/1991",4.262,NA,21.7,NA,1811.85,1811.85,425.117315814172,0.084789846,0.047,0.173,0.915210154,0.57667499,0.083645443,0.254889721
"775","Norway","01/01/1992",4.286,1790.7,17.8,NA,1790.7,1790.7,417.802146523565,0.095505618,0.047,0.173,0.904494382,0.634831461,0.056179775,0.213483146
"776","Norway","01/01/1993",4.312,NA,15.9,NA,1807.35,1807.35,419.144248608534,0.081761006,0.047,0.173,0.918238994,0.641509434,0.031446541,0.245283019
"777","Norway","01/01/1994",4.337,1824,17.385,NA,1824,1824,420.567212358773,0.033707865,0.047,0.173,0.966292135,0.641509434,0.031446541,0.245283019
"778","Norway","01/01/1995",4.359,1843.6,19.2,NA,1843.6,1843.6,422.941041523285,0.0625,0.047,0.173,0.9375,0.641509434,0.031446541,0.245283019
"779","Norway","01/01/1996",4.381,NA,17.39,NA,1861.9,1861.9,424.994293540288,0.072625698,0.047,0.173,0.927374302,0.641509434,0.031446541,0.245283019
"780","Norway","01/01/1997",4.405,1880.2,18.7,NA,1880.2,1880.2,426.83314415437,0.058823529,0.047,0.173,0.941176471,0.641509434,0.031446541,0.245283019
"781","Norway","01/01/1998",4.431,1900.8,20.7,NA,1900.8,1900.8,428.977657413676,0.043478261,0.047,0.173,0.956521739,0.641509434,0.031446541,0.245283019
"782","Norway","01/01/1999",4.462,NA,19.172,NA,1921.049333,1921.049333,430.535484760197,0.043478261,0.047,0.173,0.956521739,0.641509434,0.031446541,0.245283019
"783","Norway","01/01/2000",4.491,NA,19.145,NA,1941.298667,1941.298667,432.264232242262,0.043478261,0.047,0.173,0.956521739,0.641509434,0.031446541,0.245283019
"784","Norway","01/01/2001",4.514,1961.548,22.881,NA,1961.548,1961.548,434.54762959681,0.043478261,0.047,0.173,0.956521739,0.641509434,0.031446541,0.245283019
"785","Norway","01/01/2002",4.538,NA,21.099,NA,1962.0758,1962.0758,432.365755839577,0.043478261,0.047,0.173,0.956521739,0.641509434,0.031446541,0.245283019
"786","Norway","01/01/2003",4.565,NA,20.648,NA,1962.6036,1962.6036,429.924118291347,0.043478261,0.047,0.173,0.956521739,0.641509434,0.031446541,0.245283019
"787","Norway","01/01/2004",4.592,NA,23.126,NA,1963.1314,1963.1314,427.511193379791,0.043478261,0.047,0.173,0.956521739,0.641509434,0.031446541,0.245283019
"788","Norway","01/01/2005",4.623,NA,28.398,NA,1963.6592,1963.6592,424.758641574735,0.043478261,0.047,0.173,0.956521739,0.641509434,0.031446541,0.245283019
"789","Norway","01/01/2006",4.661,1964.187,28.103,NA,1964.187,1964.187,421.408925123364,0.043478261,0.047,0.173,0.956521739,0.641509434,0.031446541,0.245283019
"790","Norway","01/01/2007",4.709,1987.588,29.677,NA,1987.588,1987.588,422.082820131663,0.043478261,0.047,0.173,0.956521739,0.641509434,0.031446541,0.245283019
"791","Norway","01/01/2008",4.768,2014.047,28.083,NA,2014.047,2014.047,422.409186241611,0.043478261,0.047,0.173,0.956521739,0.641509434,0.031446541,0.245283019
"792","Norway","01/01/2009",4.829,2036.435,21.238,NA,2036.435,2036.435,421.709463657072,0.043478261,0.047,0.173,0.956521739,0.641509434,0.031446541,0.245283019
"793","Norway","01/01/2010",4.889,2056.104,17.446,NA,2056.104,2056.104,420.557169155246,0.043478261,0.047,0.173,0.956521739,0.641509434,0.031446541,0.245283019
"794","Norway","01/01/2011",4.953,2071.706,19.067,NA,2071.706,2071.706,418.272965879265,0.043478261,0.047,0.173,0.956521739,0.641509434,0.031446541,0.245283019
"795","Norway","01/01/2012",5.019,2092.961,25.759,NA,2092.961,2092.961,417.007571229329,0.043478261,0.047,0.173,0.956521739,0.641509434,0.031446541,0.245283019
"796","Norway","01/01/2013",5.08,2118.12,27.305,NA,2118.12,2118.12,416.952755905512,0.043478261,0.047,0.173,0.956521739,0.641509434,0.031446541,0.245283019
"797","Norway","01/01/2014",5.137,2141.626,27.47,NA,2141.626,2141.626,416.902082927779,0.043478261,0.047,0.173,0.956521739,0.641509434,0.031446541,0.245283019
"798","Norway","01/01/2015",5.189,2167.482,27.16,NA,2167.482,2167.482,417.70707265369,0.043478261,0.047,0.173,0.956521739,0.641509434,0.031446541,0.245283019
"799","Norway","01/01/2016",5.235,2192.427,27.814,NA,2192.427,2192.427,418.801719197708,0.043478261,0.047,0.173,0.956521739,0.641509434,0.031446541,0.245283019
"800","Norway","01/01/2017",5.277,2218.18,30.628,NA,2218.18,2218.18,420.348682963805,0.043478261,0.047,0.173,0.956521739,0.641509434,0.031446541,0.245283019
"801","Norway","01/01/2018",5.312,2245.012,32.556,NA,2245.012,2245.012,422.630271084337,0.043478261,0.047,0.173,0.956521739,0.641509434,0.031446541,0.245283019
"802","Norway","01/01/2019",5.348,2273.245,NA,NA,2273.245,2273.245,425.064510097233,0.043478261,0.047,0.173,0.956521739,0.641509434,0.031446541,0.245283019
"803","Norway","01/01/2020",5.379,2298.392,NA,NA,2298.392,2298.392,427.289830823573,0.043478261,0.047,0.173,0.956521739,0.641509434,0.031446541,0.245283019
"804","Norway","01/01/2021",NA,NA,NA,NA,NA,NA,NA,NA,NA,NA,NA,NA,NA,NA
"805","Portugal","01/01/1948",8.262,NA,4,NA,3059.3,3059.3,370.285645122246,NA,NA,NA,NA,NA,NA,NA
"806","Portugal","01/01/1949",8.333,NA,14,NA,3059.3,3059.3,367.130685227409,NA,NA,NA,NA,NA,NA,NA
"807","Portugal","01/01/1950",8.405,NA,13,NA,3059.3,3059.3,363.985722784057,NA,NA,NA,NA,NA,NA,NA
"808","Portugal","01/01/1951",8.477,NA,13,NA,3059.3,3059.3,360.894184263301,NA,NA,NA,NA,NA,NA,NA
"809","Portugal","01/01/1952",8.549,NA,1.4,NA,3059.3,3059.3,357.854719850275,NA,NA,NA,NA,NA,NA,NA
"810","Portugal","01/01/1953",8.621,NA,17,NA,3059.3,3059.3,354.866024823106,NA,NA,NA,NA,NA,NA,NA
"811","Portugal","01/01/1954",8.693,NA,17,NA,3059.3,3059.3,351.926837685494,NA,NA,NA,NA,NA,NA,NA
"812","Portugal","01/01/1955",8.765,NA,18,NA,3059.3,3059.3,349.035938391329,NA,NA,NA,NA,NA,NA,NA
"813","Portugal","01/01/1956",8.837,NA,21,NA,3059.3,3059.3,346.192146656105,NA,NA,NA,NA,NA,NA,NA
"814","Portugal","01/01/1957",8.909,NA,23,NA,3059.3,3059.3,343.394320350208,NA,NA,NA,NA,NA,NA,NA
"815","Portugal","01/01/1958",8.725,NA,26,NA,3059.3,3059.3,350.636103151862,NA,NA,NA,NA,NA,NA,NA
"816","Portugal","01/01/1959",8.776,NA,26,NA,3059.3,3059.3,348.598450319052,NA,NA,NA,NA,NA,NA,NA
"817","Portugal","01/01/1960",8.826,NA,27,NA,3059.3,3059.3,346.623612055291,NA,NA,NA,NA,NA,NA,NA
"818","Portugal","01/01/1961",8.894,NA,30,NA,3059.3,3059.3,343.973465257477,NA,NA,NA,NA,NA,NA,NA
"819","Portugal","01/01/1962",8.971,NA,30,NA,3059.3,3059.3,341.021067885409,NA,NA,NA,NA,NA,NA,NA
"820","Portugal","01/01/1963",9.037,NA,30,NA,3059.3,3059.3,338.530485780679,NA,NA,NA,NA,NA,NA,NA
"821","Portugal","01/01/1964",9.106,NA,35,NA,3059.3,3059.3,335.965297605974,NA,NA,NA,NA,NA,NA,NA
"822","Portugal","01/01/1965",9.234,NA,34,NA,3059.3,3059.3,331.308208793589,NA,NA,NA,NA,NA,NA,NA
"823","Portugal","01/01/1966",9.335,NA,36,NA,3059.3,3059.3,327.723620782003,NA,NA,NA,NA,NA,NA,NA
"824","Portugal","01/01/1967",9.44,NA,41,NA,3059.3,3059.3,324.078389830509,NA,NA,NA,NA,NA,NA,NA
"825","Portugal","01/01/1968",9.46,NA,NA,NA,3059.3,3059.3,323.393234672304,NA,NA,NA,NA,NA,NA,NA
"826","Portugal","01/01/1969",9.55,NA,NA,NA,3059.3,3059.3,320.34554973822,NA,NA,NA,NA,NA,NA,NA
"827","Portugal","01/01/1970",8.66,NA,28,NA,3059.3,3059.3,353.267898383372,NA,NA,NA,NA,NA,NA,NA
"828","Portugal","01/01/1971",8.63,NA,36,NA,3059.3,3059.3,354.495944380069,NA,NA,NA,NA,NA,NA,NA
"829","Portugal","01/01/1972",8.59,NA,41,NA,3059.3,3059.3,356.146682188591,NA,NA,NA,NA,NA,NA,NA
"830","Portugal","01/01/1973",8.56,NA,42,NA,3059.3,3059.3,357.394859813084,NA,NA,NA,NA,NA,NA,NA
"831","Portugal","01/01/1974",8.78,NA,43,NA,3059.3,3059.3,348.439635535308,NA,NA,NA,NA,NA,NA,NA
"832","Portugal","01/01/1975",9.45,NA,32,NA,3059.3,3059.3,323.73544973545,NA,NA,NA,NA,NA,NA,NA
"833","Portugal","01/01/1976",9.66,NA,30,NA,3059.3,3059.3,316.697722567288,NA,NA,NA,NA,NA,NA,NA
"834","Portugal","01/01/1977",9.73,NA,35,NA,3059.3,3059.3,314.419321685509,NA,NA,NA,NA,NA,NA,NA
"835","Portugal","01/01/1978",9.8,NA,34,NA,3059.3,3059.3,312.173469387755,NA,NA,NA,NA,NA,NA,NA
"836","Portugal","01/01/1979",9.87,NA,36,NA,3059.3,3059.3,309.959473150963,NA,NA,NA,NA,NA,NA,NA
"837","Portugal","01/01/1980",9.9,NA,38,NA,3059.3,3059.3,309.020202020202,NA,NA,NA,NA,NA,NA,NA
"838","Portugal","01/01/1981",9.97,NA,39,NA,3059.3,3059.3,306.850551654965,NA,NA,NA,NA,NA,NA,NA
"839","Portugal","01/01/1982",10.03,NA,40,NA,3059.3,3059.3,305.014955134596,NA,NA,NA,NA,NA,NA,NA
"840","Portugal","01/01/1983",10.1,NA,38,NA,3059.3,3059.3,302.90099009901,NA,NA,NA,NA,NA,NA,NA
"841","Portugal","01/01/1984",10.09,NA,41,NA,3059.3,3059.3,303.201189296333,NA,NA,NA,NA,NA,NA,NA
"842","Portugal","01/01/1985",10.16,NA,36,NA,3059.3,3059.3,301.112204724409,NA,NA,NA,NA,NA,NA,NA
"843","Portugal","01/01/1986",10.21,NA,37,NA,3059.3,3059.3,299.637610186092,NA,NA,NA,NA,NA,NA,NA
"844","Portugal","01/01/1987",10.25,NA,39,NA,3059.3,3059.3,298.468292682927,NA,NA,NA,NA,NA,NA,NA
"845","Portugal","01/01/1988",10.41,NA,46,NA,3059.3,3059.3,293.88088376561,NA,NA,NA,NA,NA,NA,NA
"846","Portugal","01/01/1989",10.32,NA,58,NA,3059.3,3059.3,296.443798449612,NA,NA,NA,NA,NA,NA,NA
"847","Portugal","01/01/1990",10.53,NA,62,NA,3059.3,3059.3,290.531813865147,NA,NA,NA,NA,NA,NA,NA
"848","Portugal","01/01/1991",9.96,3059.3,63,63,3059.3,3059.3,307.158634538153,NA,NA,NA,NA,NA,NA,NA
"849","Portugal","01/01/1992",9.952,NA,52,NA,NA,NA,NA,NA,NA,NA,NA,NA,NA,NA
"850","Portugal","01/01/1993",9.965,NA,63,NA,NA,NA,NA,NA,NA,NA,NA,NA,NA,NA
"851","Portugal","01/01/1994",9.992,NA,62,NA,NA,NA,NA,NA,NA,NA,NA,NA,NA,NA
"852","Portugal","01/01/1995",10.03,NA,68.825,NA,NA,NA,NA,NA,NA,NA,NA,NA,NA,NA
"853","Portugal","01/01/1996",10.06,NA,69.718,NA,NA,NA,NA,NA,NA,NA,NA,NA,NA,NA
"854","Portugal","01/01/1997",10.11,NA,74.221,NA,NA,NA,NA,NA,NA,NA,NA,NA,NA,NA
"855","Portugal","01/01/1998",10.16,NA,90.946,NA,NA,NA,NA,NA,NA,NA,NA,NA,NA,NA
"856","Portugal","01/01/1999",10.22,NA,108.198,NA,NA,NA,NA,NA,NA,NA,NA,NA,NA,NA
"857","Portugal","01/01/2000",10.29,NA,112.612,NA,NA,NA,NA,NA,NA,NA,NA,NA,NA,NA
"858","Portugal","01/01/2001",10.36,NA,115.154,NA,NA,NA,NA,NA,NA,NA,NA,NA,NA,NA
"859","Portugal","01/01/2002",10.42,NA,125.708,NA,NA,NA,NA,NA,NA,NA,NA,NA,NA,NA
"860","Portugal","01/01/2003",10.46,NA,92.508,NA,NA,NA,NA,NA,NA,NA,NA,NA,NA,NA
"861","Portugal","01/01/2004",10.48,NA,74.261,NA,NA,NA,NA,NA,NA,NA,NA,NA,NA,NA
"862","Portugal","01/01/2005",10.5,NA,76.123,NA,NA,NA,NA,NA,NA,NA,NA,NA,NA,NA
"863","Portugal","01/01/2006",10.52,NA,68.764,NA,NA,NA,NA,NA,NA,NA,NA,NA,NA,NA
"864","Portugal","01/01/2007",10.54,NA,67.463,NA,NA,NA,NA,NA,NA,NA,NA,NA,NA,NA
"865","Portugal","01/01/2008",10.56,NA,59.256,NA,NA,NA,NA,NA,NA,NA,NA,NA,NA,NA
"866","Portugal","01/01/2009",10.57,NA,47.915,NA,NA,NA,NA,NA,NA,NA,NA,NA,NA,NA
"867","Portugal","01/01/2010",10.57,NA,35.442,NA,NA,NA,NA,NA,NA,NA,NA,NA,NA,NA
"868","Portugal","01/01/2011",10.56,NA,26.069,NA,NA,NA,NA,NA,NA,NA,NA,NA,NA,NA
"869","Portugal","01/01/2012",10.51,NA,19.302,NA,NA,NA,NA,NA,NA,NA,NA,NA,NA,NA
"870","Portugal","01/01/2013",10.46,NA,12.43,NA,NA,NA,NA,NA,NA,NA,NA,NA,NA,NA
"871","Portugal","01/01/2014",10.4,NA,7.794,NA,NA,NA,NA,NA,NA,NA,NA,NA,NA,NA
"872","Portugal","01/01/2015",10.36,NA,6.611,NA,NA,NA,NA,NA,NA,NA,NA,NA,NA,NA
"873","Portugal","01/01/2016",10.33,NA,7.256,NA,NA,NA,NA,NA,NA,NA,NA,NA,NA,NA
"874","Portugal","01/01/2017",10.3,NA,NA,NA,NA,NA,NA,NA,NA,NA,NA,NA,NA,NA
"875","Spain","01/01/1948",27.44,NA,62.1,NA,6197.1226,6197.1226,225.842660349854,0.373,0.127,0.246,0.627,0.5074,0.0148,0.2811
"876","Spain","01/01/1949",27.65,NA,55.1,NA,6245.304579,6245.304579,225.869966690778,0.373,0.127,0.246,0.627,0.5074,0.0148,0.2811
"877","Spain","01/01/1950",27.87,6292,53.4,NA,6292,6292,225.762468604234,0.373,0.127,0.246,0.627,0.5074,0.0148,0.2811
"878","Spain","01/01/1951",28.09,NA,56.4,NA,6387.933444,6387.933444,227.409520968316,0.373,0.127,0.246,0.627,0.5074,0.0148,0.2811
"879","Spain","01/01/1952",28.31,NA,63.3,NA,6489.900566,6489.900566,229.244103355705,0.373,0.127,0.246,0.627,0.5074,0.0148,0.2811
"880","Spain","01/01/1953",28.53,NA,67.2,NA,6595.278028,6595.278028,231.169927374693,0.373,0.127,0.246,0.627,0.5074,0.0148,0.2811
"881","Spain","01/01/1954",28.75,NA,87.2,NA,6718.144412,6718.144412,233.674588243478,0.373,0.127,0.246,0.627,0.5074,0.0148,0.2811
"882","Spain","01/01/1955",28.98,NA,112.2,NA,6862.871947,6862.871947,236.814076846101,0.373,0.127,0.246,0.627,0.5074,0.0148,0.2811
"883","Spain","01/01/1956",29.2,NA,121.8,NA,7015.994165,7015.994165,240.273772773973,0.373,0.127,0.246,0.627,0.5074,0.0148,0.2811
"884","Spain","01/01/1957",29.43,NA,98,NA,7148.304567,7148.304567,242.891762385321,0.373,0.127,0.246,0.627,0.5074,0.0148,0.2811
"885","Spain","01/01/1958",29.8,NA,101.5,NA,7283.675529,7283.675529,244.418641912752,0.373,0.127,0.246,0.627,0.5074,0.0148,0.2811
"886","Spain","01/01/1959",30.05,NA,114,NA,7429.977068,7429.977068,247.253812579035,0.227,0.137,0.09,0.773,0.5074,0.0148,0.2811
"887","Spain","01/01/1960",30.3,NA,128.4,NA,7588.87063,7588.87063,250.457776567657,0.243,0.123,0.12,0.757,0.5074,0.0148,0.2811
"888","Spain","01/01/1961",30.56,NA,135.4,17,7753.885315,7753.885315,253.726613710733,0.176,0.034,0.142,0.824,0.5074,0.0148,0.2811
"889","Spain","01/01/1962",30.82,7943,162.5,20,7943,7943,257.722258273848,0.089,0.008,0.081,0.911,0.5074,0.0148,0.2811
"890","Spain","01/01/1963",31.08,9232,206.7,18,9232,9232,297.039897039897,0.142,0.052,0.09,0.858,0.5074,0.0148,0.2811
"891","Spain","01/01/1964",31.34,NA,256.9,21,9485.26,9485.26,302.656668793874,0.055,0.021,0.034,0.946,0.5074,0.0148,0.2811
"892","Spain","01/01/1965",31.6,NA,21,25,9498.62,9498.62,300.589240506329,0.066,0.022,0.044,0.934,0.5074,0.0148,0.2811
"893","Spain","01/01/1966",31.87,NA,270.4,28,9758.38,9758.38,306.193285221211,0.077,0.008,0.069,0.893,0.5074,0.0148,0.2811
"894","Spain","01/01/1967",32.14,NA,204.5,29,9951.24,9951.24,309.621655258245,0.087,0.008,0.079,1.002,0.5074,0.0148,0.2811
"895","Spain","01/01/1968",33.08,10180.7,248.1,36,10180.7,10180.7,307.759975816203,0.08,0.0175,0.08,0.912,0.5074,0.0148,0.2811
"896","Spain","01/01/1969",33.43,10403.6,270.3,48,10403.6,10403.6,311.205504038289,0.08,0.027,0.053,0.92,0.5074,0.0148,0.2811
"897","Spain","01/01/1970",33.78,10659.6,308,52,10659.6,10659.6,315.559502664298,0.068,0.029,0.039,0.932,0.5074,0.0148,0.2811
"898","Spain","01/01/1971",34.13,10936,318.9,42,10936,10936,320.421916202754,0.115,0.03,0.085,0.885,0.5074,0.0148,0.2811
"899","Spain","01/01/1972",34.49,NA,336.3,45,11227.3,11227.3,325.523340098579,0.106,0.106,0.075,0.894,0.5074,0.0148,0.2811
"900","Spain","01/01/1973",34.86,NA,348.5,48,11527.8,11527.8,330.688468158348,0.087,0.087,0.065,0.913,0.5074,0.0148,0.2811
"901","Spain","01/01/1974",35.22,NA,358.5,49,11837.3,11837.3,336.095968199886,0.073,0.073,0.055,0.927,0.5074,0.0148,0.2811
"902","Spain","01/01/1975",35.47,NA,374.4,52,12159.7,12159.7,342.816464617987,0.076,0.076,0.045,0.924,0.5074,0.0148,0.2811
"903","Spain","01/01/1976",35.97,12434.5,319.8,45,12434.5,12434.5,345.690853489019,0.055,0.02,0.035,0.945,0.5074,0.0148,0.2811
"904","Spain","01/01/1977",36.35,12713.5,324.4,45,12713.5,12713.5,349.752407152682,0.064,0.015,0.049,0.956,0.5074,0.0148,0.2811
"905","Spain","01/01/1978",36.78,NA,334,NA,13408.33333,13408.33333,364.555011691136,0.0544666666666667,0.0218,0.0339333333333333,0.958866666666667,0.5074,0.0148,0.2811
"906","Spain","01/01/1979",37.18,NA,258.8,NA,14004,14004,376.654115115654,0.0449333333333333,0.0286,0.0188666666666667,0.961733333333333,0.5074,0.0148,0.2811
"907","Spain","01/01/1980",37.43,14579.8,262.9,116.9,14579.8,14579.8,389.521773978092,0.0354,0.0354,0.0038,0.9646,0.5074,0.0148,0.2811
"908","Spain","01/01/1981",37.65,14841,233,117,14841,14841,394.183266932271,0.0438,0.0438,0.0043,0.9562,0.5725,0.0167,0.3172
"909","Spain","01/01/1982",37.93,14957.6,255,110.7,14957.6,14957.6,394.34748220406,0.0843,0.0843,0.0043,0.9157,0.5677,0.0166,0.3145
"910","Spain","01/01/1983",38.23,15204.7,227.1,60,15204.7,15204.7,397.716453047345,0.07,0.07,0.0044,0.93,0.5874,0.0172,0.3254
"911","Spain","01/01/1984",38.51,15320.9,197.9,69.6,15320.9,15320.9,397.842118930148,0.075,0.0698,0.0052,0.925,0.5842,0.0167,0.3236
"912","Spain","01/01/1985",38.5,NA,191.858,NA,15312.16183,15312.16183,397.718489090909,0.0721,0.0687,0.0051,0.9279,0.5735,0.0164,0.3177
"913","Spain","01/01/1986",38.67,15317,196.901,NA,15317,15317,396.095164209982,0.0693,0.0677,0.005,0.9307,0.5632,0.0161,0.312
"914","Spain","01/01/1987",38.83,15475,202.6,44,15475,15475,398.532062838012,0.0666,0.0666,0.0049,0.9334,0.5533,0.0158,0.3065
"915","Spain","01/01/1988",39.05,NA,241.018,NA,NA,NA,NA,0.0666,0.0666,0.0049,0.9334,0.5533,0.0158,0.3065
"916","Spain","01/01/1989",39.17,NA,237.659,NA,NA,NA,NA,0.05337827,0.05219156125,0.00472985225,0.94662173,0.485781962,0.0168605485,0.40036550625
"917","Spain","01/01/1990",38.97,NA,281.119,NA,NA,NA,NA,0.04015654,0.0377831225,0.0045597045,0.95984346,0.418263924,0.017921097,0.4942310125
"918","Spain","01/01/1991",38.97,NA,227.97,NA,NA,NA,NA,0.02693481,0.02337468375,0.00438955675,0.97306519,0.350745886,0.0189816455,0.58809651875
"919","Spain","01/01/1992",39.16,NA,206.2,NA,NA,NA,NA,0.01371308,0.008966245,0.004219409,0.98628692,0.283227848,0.020042194,0.681962025
"920","Spain","01/01/1993",39.36,NA,170.403,NA,NA,NA,NA,0.022655427,0.011064278,0.011064278,0.977344573,0.285036881,0.045310854,0.646996839
"921","Spain","01/01/1994",39.55,NA,174.793,NA,NA,NA,NA,0.117667720666667,0.011064278,0.011064278,0.882332279333333,0.285036881,0.045310854,0.646996839
"922","Spain","01/01/1995",39.72,NA,155.902,NA,NA,NA,NA,0.212680014333333,0.011064278,0.011064278,0.787319985666667,0.285036881,0.045310854,0.646996839
"923","Spain","01/01/1996",39.89,NA,194.871,NA,NA,NA,NA,0.307692308,0.011064278,0.011064278,0.692307692,0.285036881,0.045310854,0.646996839
"924","Spain","01/01/1997",40.06,NA,224.332,NA,NA,NA,NA,0.162012343,0.011064278,0.011064278,0.837987657,0.285036881,0.045310854,0.646996839
"925","Spain","01/01/1998",40.22,NA,364.1,12.6,NA,NA,NA,0.016332378,0.011064278,0.011064278,0.983667622,0.285036881,0.045310854,0.646996839
"926","Spain","01/01/1999",40.39,NA,296.25,NA,NA,NA,NA,0.016332378,0.011064278,0.011064278,0.983667622,0.285036881,0.045310854,0.646996839
"927","Spain","01/01/2000",40.57,NA,362.94,NA,NA,NA,NA,0.016332378,0.011064278,0.011064278,0.983667622,0.285036881,0.045310854,0.646996839
"928","Spain","01/01/2001",40.85,NA,452.252,NA,NA,NA,NA,0.016332378,0.011064278,0.011064278,0.983667622,0.285036881,0.045310854,0.646996839
"929","Spain","01/01/2002",41.43,NA,519.328,NA,NA,NA,NA,0.016332378,0.011064278,0.011064278,0.983667622,0.285036881,0.045310854,0.646996839
"930","Spain","01/01/2003",42.19,NA,508.268,NA,NA,NA,NA,0.016332378,0.011064278,0.011064278,0.983667622,0.285036881,0.045310854,0.646996839
"931","Spain","01/01/2004",42.92,NA,565.278,NA,NA,NA,NA,0.016332378,0.011064278,0.011064278,0.983667622,0.285036881,0.045310854,0.646996839
"932","Spain","01/01/2005",43.65,NA,589.362,NA,NA,NA,NA,0.016332378,0.011064278,0.011064278,0.983667622,0.285036881,0.045310854,0.646996839
"933","Spain","01/01/2006",44.4,NA,655.889,NA,NA,NA,NA,0.016332378,0.011064278,0.011064278,0.983667622,0.285036881,0.045310854,0.646996839
"934","Spain","01/01/2007",45.23,NA,642.272,NA,NA,NA,NA,0.016332378,0.011064278,0.011064278,0.983667622,0.285036881,0.045310854,0.646996839
"935","Spain","01/01/2008",45.95,NA,627.621,NA,NA,NA,NA,0.016332378,0.011064278,0.011064278,0.983667622,0.285036881,0.045310854,0.646996839
"936","Spain","01/01/2009",46.36,NA,414.698,NA,NA,NA,NA,0.016332378,0.011064278,0.011064278,0.983667622,0.285036881,0.045310854,0.646996839
"937","Spain","01/01/2010",46.58,NA,269.051,NA,NA,NA,NA,0.016332378,0.011064278,0.011064278,0.983667622,0.285036881,0.045310854,0.646996839
"938","Spain","01/01/2011",46.74,NA,171.528,NA,NA,NA,NA,0.016332378,0.011064278,0.011064278,0.983667622,0.285036881,0.045310854,0.646996839
"939","Spain","01/01/2012",46.77,NA,126.546,NA,NA,NA,NA,0.016332378,0.011064278,0.011064278,0.983667622,0.285036881,0.045310854,0.646996839
"940","Spain","01/01/2013",46.62,NA,58.915,NA,NA,NA,NA,0.016332378,0.011064278,0.011064278,0.983667622,0.285036881,0.045310854,0.646996839
"941","Spain","01/01/2014",46.48,NA,45.371,NA,NA,NA,NA,0.016332378,0.011064278,0.011064278,0.983667622,0.285036881,0.045310854,0.646996839
"942","Spain","01/01/2015",46.44,NA,44.315,NA,NA,NA,NA,0.016332378,0.011064278,0.011064278,0.983667622,0.285036881,0.045310854,0.646996839
"943","Spain","01/01/2016",46.48,NA,38.163,NA,NA,NA,NA,0.016332378,0.011064278,0.011064278,0.983667622,0.285036881,0.045310854,0.646996839
"944","Spain","01/01/2017",46.59,NA,51.899,NA,NA,NA,NA,0.016332378,0.011064278,0.011064278,0.983667622,0.285036881,0.045310854,0.646996839
"945","Sweden","01/01/1948",6.883,NA,48,NA,2257.878866,2257.878866,328.03702833067,0.33,0.33,0.392,0.67,0.22,0.158,0.292
"946","Sweden","01/01/1949",6.956,NA,41.6,NA,2297.83488,2297.83488,330.338539390454,0.33,0.33,0.392,0.67,0.22,0.158,0.292
"947","Sweden","01/01/1950",7.014,2340,43.9,NA,2340,2340,333.618477331052,0.339,0.339,0.392,0.661,0.239,0.155,0.267
"948","Sweden","01/01/1951",7.073,NA,39.8,NA,2351.645567,2351.645567,332.482053866817,0.354,0.354,0.392,0.641,0.23,0.15,0.261
"949","Sweden","01/01/1952",7.125,NA,44.7,NA,2367.997491,2367.997491,332.350525052632,0.396,0.396,0.392,0.604,0.16,0.176,0.268
"950","Sweden","01/01/1953",7.171,NA,51.9,NA,2391.264879,2391.264879,333.463237902663,0.387,0.387,0.392,0.613,0.164,0.206,0.243
"951","Sweden","01/01/1954",7.213,NA,58.2,2.3,2420.583298,2420.583298,335.586205185082,0.322,0.322,0.392,0.678,0.202,0.247,0.229
"952","Sweden","01/01/1955",7.262,NA,57,2.6,2448.401716,2448.401716,337.152535940512,0.307,0.307,0.392,0.693,0.255,0.203,0.235
"953","Sweden","01/01/1956",7.316,NA,56.9,2.8,2475.920135,2475.920135,338.425387506834,0.303,0.303,0.392,0.697,0.241,0.252,0.204
"954","Sweden","01/01/1957",7.367,NA,64.5,3.2,2510.638554,2510.638554,340.795242839691,0.301,0.301,0.392,0.699,0.217,0.272,0.21
"955","Sweden","01/01/1958",7.409,NA,62.225,4.2,2542.081973,2542.081973,343.107298285869,0.304,0.304,0.392,0.696,0.243,0.278,0.175
"956","Sweden","01/01/1959",7.446,NA,69.318,5.7,2579.118392,2579.118392,346.376362073597,0.275,0.275,0.392,0.725,0.234,0.316,0.175
"957","Sweden","01/01/1960",7.48,NA,68.293,6.9,2613.929811,2613.929811,349.455857085561,0.311,0.311,0.392,0.689,0.222,0.295,0.172
"958","Sweden","01/01/1961",7.52,NA,73.778,7.1,2654.02623,2654.02623,352.929019946809,0.317,0.317,0.392,0.683,0.24,0.27,0.173
"959","Sweden","01/01/1962",7.562,NA,75.124,8,2694.568649,2694.568649,356.330157233536,0.32,0.32,0.392,0.681,0.438,0.243,0.173
"960","Sweden","01/01/1963",7.604,NA,81.4,8.8,2740.587068,2740.587068,360.413870068385,0.351,0.351,0.392,0.65,0.402,0.248,0.173
"961","Sweden","01/01/1964",7.661,NA,87.167,10.7,2790.472487,2790.472487,364.243895966584,0.361,0.361,0.392,0.636,0.393,0.243,0.173
"962","Sweden","01/01/1965",7.734,NA,96.843,10.1,2850.633905,2850.633905,368.584678691492,0.411,0.411,0.392,0.589,0.367,0.222,0.173
"963","Sweden","01/01/1966",7.808,NA,89.361,9.3,2904.113324,2904.113324,371.940743340164,0.428,0.428,0.392,0.573,0.375,0.198,0.173
"964","Sweden","01/01/1967",7.869,NA,100.213,10.2,2967.544743,2967.544743,377.118406786123,0.442,0.05,0.392,0.558,0.361,0.197,0.173
"965","Sweden","01/01/1968",7.91,NA,106.2,11,3036.163162,3036.163162,383.838579266751,0.443,0.054,0.389,0.557,0.364,0.193,0.173
"966","Sweden","01/01/1969",7.97,NA,109.1,10.5,3108.181581,3108.181581,389.985141907152,0.444,0.052,0.392,0.556,0.387,0.169,0.173
"967","Sweden","01/01/1970",8.04,3181,109.8,10.4,3181,3181,395.646766169154,0.426,0.043,0.383,0.574,0.418,0.156,0.173
"968","Sweden","01/01/1971",8.1,NA,107.2,10,3256.183333,3256.183333,401.997942345679,0.459,0.037,0.422,0.535,0.39,0.145,0.173
"969","Sweden","01/01/1972",8.12,NA,104,8.4,3329.766667,3329.766667,410.069786576355,0.444,0.037,0.407,0.556,0.437,0.119,0.173
"970","Sweden","01/01/1973",8.14,NA,97.5,8.7,3396.55,3396.55,417.266584766585,0.396,0.017,0.379,0.603,0.503,0.1,0.173
"971","Sweden","01/01/1974",8.16,NA,85.3,6.4,3453.433333,3453.433333,423.214869240196,0.323,0.02,0.303,0.673,0.585,0.088,0.173
"972","Sweden","01/01/1975",8.2,NA,74.5,5.5,3500.416667,3500.416667,426.880081341463,0.271,0.012,0.259,0.728,0.682,0.046,0.173
"973","Sweden","01/01/1976",8.22,3529.8,55.8,4.4,3529.8,3529.8,429.416058394161,0.215,0.017,0.198,0.785,0.716,0.069,0.173
"974","Sweden","01/01/1977",8.25,NA,54.9,5,3573.125345,3573.125345,433.106102424242,0.185,0.016,0.169,0.815,0.718,0.097,0.173
"975","Sweden","01/01/1978",8.28,NA,53.8,4.1,3616.250691,3616.250691,436.745252536232,0.206,0.015,0.191,0.804,0.7,0.104,0.173
"976","Sweden","01/01/1979",8.29,NA,55.5,3.9,3661.276036,3661.276036,441.649702774427,0.228,0.019,0.209,0.772,0.671,0.111,0.173
"977","Sweden","01/01/1980",8.31,NA,51.4,NA,3702.489489,3702.489489,445.546268231047,0.216,0.0233,0.1926,0.784,0.642,0.142,0.0584
"978","Sweden","01/01/1981",8.32,NA,51.6,NA,3743.888889,3743.888889,449.9866453125,0.2616,0.0174,0.2442,0.7384,0.5775,0.1609,0.0581
"979","Sweden","01/01/1982",8.33,NA,45.1,NA,3779.245045,3779.245045,453.690881752701,0.2971,0.02,0.2772,0.7029,0.5033,0.1996,0.0665
"980","Sweden","01/01/1983",8.33,NA,43.4,NA,3813.020661,3813.020661,457.74557755102,0.2696,0.023,0.2465,0.7304,0.4378,0.2926,0.0691
"981","Sweden","01/01/1984",8.34,NA,35,NA,3838.986547,3838.986547,460.310137529976,0.2657,0.0229,0.2429,0.7343,0.46,0.2743,0.0857
"982","Sweden","01/01/1985",8.35,3863,32.9,NA,3863,3863,462.634730538922,0.2818,0.0242,0.2576,0.7182,0.4242,0.2939,0.0909
"983","Sweden","01/01/1986",8.37,NA,28.8,NA,3886.139838,3886.139838,464.293887455197,0.2917,0.0174,0.2708,0.7083,0.4306,0.2813,0.1042
"984","Sweden","01/01/1987",8.4,NA,30.9,NA,3911.232108,3911.232108,465.62287,0.288,0.0194,0.2718,0.712,0.3916,0.3204,0.0971
"985","Sweden","01/01/1988",8.44,NA,40.6,NA,3945.342757,3945.342757,467.457672630332,0.2889,0.0222,0.2667,0.7111,0.3901,0.321,0.0741
"986","Sweden","01/01/1989",8.49,NA,50,0.632,3991.074378,3991.074378,470.091210600707,0.265139655,0.0197206895,0.254039655,0.734860345,0.419187931,0.315672414,0.211556505
"987","Sweden","01/01/1990",8.57,4044.768,58,0.67,4044.768,4044.768,471.968261376896,0.24137931,0.017241379,0.24137931,0.75862069,0.448275862,0.310344828,0.34901301
"988","Sweden","01/01/1991",8.617,3904.4,67,0.719,3904.4,4111.049,453.104328652663,0.237164728,0.012259666,0.224905062,0.762835272,0.268656716,0.276365757,0.486469515
"989","Sweden","01/01/1992",8.668,4044,57,0.479,4044,4167.57,466.543608675588,0.273504423,0.02470385,0.248800572,0.726495577,0.438596491,0.293916502,0.432579075
"990","Sweden","01/01/1993",8.719,4044,35.088,0.846,4044,4201.812,463.814657644225,0.319567943,0.044744642,0.274823301,0.680432057,0.342857143,0.333675331,0.346756726
"991","Sweden","01/01/1994",8.781,4222.875,21.63,1.491,4222.875,4222.875,480.910488554834,0.40443828,0.121775312,0.282662968,0.59556172,0.342857143,0.216366158,0.379195562
"992","Sweden","01/01/1995",8.827,4234.838,12.68,2.458,4234.838,4234.838,479.759601223519,0.380186149,0.120839249,0.2593469,0.619813851,0.342857143,0.112636062,0.507177788
"993","Sweden","01/01/1996",8.841,4250.179,13.085,2.612,4250.179,4250.179,480.735097839611,0.303630111,0.099885365,0.203744746,0.696369889,0.342857143,0.183721819,0.51264807
"994","Sweden","01/01/1997",8.846,4261.882,13,3.583,4261.882,4261.882,481.786344110332,0.271930499,0.048666103,0.223264396,0.728069501,0.342857143,0.239640194,0.488429307
"995","Sweden","01/01/1998",8.851,4273.036,11.46,3.025,4273.036,4273.036,482.774375776748,0.233004625,0.068505105,0.16449952,0.766995375,0.342857143,0.273409547,0.493585828
"996","Sweden","01/01/1999",8.858,4284.337,11.712,3.608,4284.337,4284.337,483.668661097313,0.216786202,0.056267077,0.160519126,0.783213798,0.342857143,0.323172814,0.460040984
"997","Sweden","01/01/2000",8.872,4295.73,12.984,4.616,4295.73,4295.73,484.189585211903,0.184765866,0.061075169,0.123690696,0.815234134,0.342857143,0.305606901,0.509627234
"998","Sweden","01/01/2001",8.896,4310.171,15.411,3.829,4310.171,4310.171,484.506632194245,0.170592434,0.034196353,0.136396081,0.829407566,0.342857143,0.270975277,0.558432289
"999","Sweden","01/01/2002",8.925,4331.762,19.941,2.087,4331.762,4331.762,485.351484593837,0.20510506,0.04277619,0.16232887,0.79489494,0.342857143,0.28408806,0.51080688
"1000","Sweden","01/01/2003",8.958,4354.125,19.986,1.494,4354.125,4354.125,486.059946416611,0.217652357,0.034374062,0.183278295,0.782347643,0.342857143,0.280896628,0.501451016
"1001","Sweden","01/01/2004",8.994,4382.521,25.283,1.348,4382.521,4382.521,487.27162552813,0.214808369,0.033461219,0.18134715,0.785191631,0.342857143,0.258711387,0.526480244
"1002","Sweden","01/01/2005",9.03,4407.248,23.068,1.768,4407.248,4407.248,488.067331118494,0.177605341,0.023972603,0.153632738,0.822394659,0.342857143,0.273669152,0.548725507
"1003","Sweden","01/01/2006",9.081,4439.267,29.832,1.867,4439.267,4439.267,488.852218918621,0.186175918,0.016023062,0.170152856,0.813824082,0.342857143,0.318651113,0.495172969
"1004","Sweden","01/01/2007",9.148,4473.356,30.527,0.952,4473.356,4473.356,488.998250983822,0.176630524,0.012153176,0.164477348,0.823369476,0.342857143,0.349592164,0.473777312
"1005","Sweden","01/01/2008",9.22,4506.793,32.021,0.893,4506.793,4506.793,488.806182212581,0.127229006,0.01324131,0.113987696,0.872770994,0.342857143,0.33671653,0.536054464
"1006","Sweden","01/01/2009",9.299,4530.576,22.821,0.487,4530.576,4530.576,487.211097967523,0.168616625,0.021427632,0.147188993,0.831383375,0.342857143,0.362604619,0.468778756
"1007","Sweden","01/01/2010",9.378,4551.433,19.5,0.495,4551.433,4551.433,485.330880784816,0.145692308,0.016666667,0.129025641,0.854307692,0.342857143,0.29625641,0.558051282
"1008","Sweden","01/01/2011",9.449,4572.564,20.064,0.768,4572.564,4572.564,483.920414858715,0.149571372,0.028957337,0.120614035,0.850428628,0.342857143,0.352820973,0.497607656
"1009","Sweden","01/01/2012",9.519,4599.786,25.993,0.566,4599.786,4599.786,483.221556886228,0.148578463,0.027238103,0.121340361,0.851421537,0.342857143,0.349901897,0.50151964
"1010","Sweden","01/01/2013",9.6,4633.678,29.225,0.826,4633.678,4633.678,482.674791666667,0.17245509,0.017656116,0.154798973,0.82754491,0.342857143,0.367835757,0.459709153
"1011","Sweden","01/01/2014",9.696,4669.081,29.164,0.468,4669.081,4669.081,481.547132838284,0.158551639,0,0.158551639,0.841448361,0.342857143,0.841448361,0
"1012","Sweden","01/01/2015",9.799,4716.568,34.603,0.739,4716.568,4716.568,481.331564445352,0.189665636,0,0.189665636,0.810334364,0.342857143,0.810334364,0
"1013","Sweden","01/01/2016",9.923,4795.717,42.441,0.463,4795.717,4795.717,483.293056535322,0.156004807,0,0.156004807,0.843995193,0.342857143,0.843995193,0
"1014","Sweden","01/01/2017",10.06,4859.252,48.227,0.449,4859.252,4859.252,483.02703777336,0.178302611,0,0.178302611,0.821697389,0.342857143,0.821697389,0
"1015","Sweden","01/01/2018",10.18,4924.792,54.876,0.54,4924.792,4924.792,483.771316306483,0.153546177,0,0.153546177,0.846453823,0.342857143,0.846453823,0
"1016","Sweden","01/01/2019",10.28,4978.239,55.659,0.658,4978.239,4978.239,484.264494163424,0.180887188,0,0.180887188,0.819112812,0.342857143,0.819112812,0
"1017","Sweden","01/01/2020",10.35,5037.444,NA,NA,5037.444,5037.444,486.709565217391,0.170367876,0,0.170367876,0.829632124,0.342857143,0.829632124,0
"1018","Sweden","01/01/2021",NA,NA,NA,NA,NA,NA,NA,NA,NA,NA,NA,NA,NA,NA
"1019","Switzerland","01/01/1948",4.582,NA,22,NA,1249.459459,1249.459459,272.688664120471,0.031,0.031,NA,0.52,0.336,0.449,0.184
"1020","Switzerland","01/01/1949",4.64,NA,17.1,NA,1265.481081,1265.481081,272.732991594828,0.035,0.035,NA,0.552,0.328,0.413,0.224
"1021","Switzerland","01/01/1950",4.694,1286,21.9,NA,1286,1286,273.966766084363,0.018,0.018,NA,0.608,0.362,0.374,0.246
"1022","Switzerland","01/01/1951",4.749,NA,26.8,NA,1309.95052,1309.95052,275.837127816382,0.006,0.006,NA,0.764,0.473,0.23,0.291
"1023","Switzerland","01/01/1952",4.815,NA,24.6,NA,1331.839778,1331.839778,276.602238421599,0.012,0.012,NA,0.818,0.426,0.17,0.392
"1024","Switzerland","01/01/1953",4.877,NA,26.2,NA,1355.228136,1355.228136,277.881512405167,0.006,0.006,NA,0.835,0.45,0.159,0.385
"1025","Switzerland","01/01/1954",4.927,NA,32.3,NA,1384.331809,1384.331809,280.968501928151,0.014,0.014,NA,0.869,0.486,0.117,0.383
"1026","Switzerland","01/01/1955",4.977,NA,35.1,NA,1416.058905,1416.058905,284.520575647981,0.016,0.016,NA,0.874,0.485,0.11,0.389
"1027","Switzerland","01/01/1956",5.039,NA,35,NA,1447.692308,1447.692308,287.297540781901,0.01,0.01,NA,0.895,0.456,0.095,0.439
"1028","Switzerland","01/01/1957",5.117,NA,34.8,NA,1479.138323,1479.138323,289.063576900528,0.021,0.021,NA,0.882,0.442,0.097,0.44
"1029","Switzerland","01/01/1958",5.199,NA,26.1,NA,1502.432987,1502.432987,288.984994614349,0.032,0.032,NA,0.862,0.489,0.106,0.373
"1030","Switzerland","01/01/1959",5.259,NA,35.7,NA,1534.722245,1534.722245,291.827770488686,0.038,0.038,NA,0.809,0.462,0.153,0.347
"1031","Switzerland","01/01/1960",5.362,NA,50.5,NA,1580.87817,1580.87817,294.829945915703,0.026,0.026,NA,0.848,0.471,0.126,0.377
"1032","Switzerland","01/01/1961",5.496,NA,55.5,3.5,1631.71878,1631.71878,296.892063318777,0.008,0.008,NA,0.882,0.501,0.11,0.381
"1033","Switzerland","01/01/1962",5.66,NA,57.6,3.7,1684.45939,1684.45939,297.607666077738,0.021,0.021,NA,0.875,0.476,0.104,0.399
"1034","Switzerland","01/01/1963",5.77,1733.9,54.3,3.7,1733.9,1733.9,300.50259965338,0.021,0.021,NA,0.885,0.47,0.094,0.415
"1035","Switzerland","01/01/1964",5.874,1787.5,56.8,3.2,1787.5,1787.5,304.307116104869,0.026,0.026,NA,0.862,0.503,0.112,0.359
"1036","Switzerland","01/01/1965",5.945,NA,59.9,2.4,1845.033333,1845.033333,310.350434482759,0.027,0.027,NA,0.854,0.45,0.119,0.404
"1037","Switzerland","01/01/1966",5.999,NA,57.7,2.6,1900.166667,1900.166667,316.747235705951,0.033,0.033,NA,0.856,0.437,0.111,0.419
"1038","Switzerland","01/01/1967",6.05,1954.5,57.5,3.2,1954.5,1954.5,323.057851239669,0.036,0.036,NA,0.808,0.421,0.156,0.387
"1039","Switzerland","01/01/1968",6.147,2005.8,55.2,3.9,2005.8,2005.8,326.30551488531,0.038,0.038,NA,0.824,0.434,0.138,0.39
"1040","Switzerland","01/01/1969",6.224,2060.4,59.2,4.5,2060.4,2060.4,331.041131105398,0.043,0.043,NA,0.829,0.449,0.128,0.38
"1041","Switzerland","01/01/1970",6.19,2122,65.6,4,2122,2122,342.81098546042,0.025,0.025,NA,0.838,0.441,0.137,0.39
"1042","Switzerland","01/01/1971",6.23,2181.6,67.3,4.7,2181.6,2181.6,350.176565008026,0.019,0.019,NA,0.874,0.445,0.106,0.429
"1043","Switzerland","01/01/1972",6.39,NA,74.6,3.4,2281.2,2281.2,356.995305164319,0.035,0.035,NA,0.85,0.458,0.115,0.392
"1044","Switzerland","01/01/1973",6.43,2392.3,85.3,2.6,2392.3,2392.3,372.052877138414,0.043,0.043,NA,0.815,0.42,0.142,0.395
"1045","Switzerland","01/01/1974",6.44,2466.6,76.6,2.3,2466.6,2466.6,383.012422360248,0.033,0.033,NA,0.858,0.421,0.109,0.438
"1046","Switzerland","01/01/1975",6.4,2521.8,57.7,2.5,2521.8,2521.8,394.03125,0.052,0.052,NA,0.832,0.386,0.116,0.446
"1047","Switzerland","01/01/1976",6.35,2556,36.9,2.8,2556,2556,402.51968503937,0.061,0.061,NA,0.819,0.454,0.15,0.395
"1048","Switzerland","01/01/1977",6.35,2588.3,34.8,2.4,2588.3,2588.3,407.606299212598,0.055,0.055,NA,0.995,0.524,0.085,0.558
"1049","Switzerland","01/01/1978",6.34,2622.7,36.9,2.5,2622.7,2622.7,413.675078864353,0.046,0.046,NA,0.855,0.55,0.099,0.555
"1050","Switzerland","01/01/1979",6.33,2660,39.6,2.7,2660,2660,420.221169036335,0.102,0.046,NA,0.898,0.557,0.086,0.551
"1051","Switzerland","01/01/1980",6.39,2699.8,42.9,2.7,2699.8,2699.8,422.503912363067,0.02255453,0.046,NA,0.97744547,0.561636087,0.067911055,0.3463
"1052","Switzerland","01/01/1981",6.43,2743,45.7,2.5,2743,2743,426.594090202177,0.022671607,0.046,NA,0.977328393,0.520913145,0.076022106,0.3805
"1053","Switzerland","01/01/1982",6.47,2787.4,46.3,1.9,2787.4,2787.4,430.819165378671,0.016868365,0.046,NA,0.983131635,0.508836547,0.075830264,0.3994
"1054","Switzerland","01/01/1983",6.51,2833,44.7,2,2833,2833,435.176651305684,0.021346576,0.046,NA,0.978653424,0.468205856,0.097510641,0.4131
"1055","Switzerland","01/01/1984",6.44,2879.5,48.2,1.7,2879.5,2879.5,447.127329192547,0.031394248,0.046,NA,0.968605752,0.465765179,0.087347615,0.4155
"1056","Switzerland","01/01/1985",6.46,2925.2,47.5,1.8,2925.2,2925.2,452.8173374613,0.030117517,0.046,NA,0.969882483,0.43468898,0.108041592,0.4277
"1057","Switzerland","01/01/1986",6.5,2969,46.2,2,2969,2969,456.769230769231,0.030289418,0.046,NA,0.969710582,0.484309825,0.079541808,0.4084
"1058","Switzerland","01/01/1987",6.55,3011,43.6,2,3011,3011,459.69465648855,0.023817938,0.046,NA,0.976182062,0.509682663,0.088981553,0.3781
"1059","Switzerland","01/01/1988",6.59,3054,44.9,2,3054,3054,463.429438543247,0.033538309,0.046,NA,0.966461691,0.495582414,0.082979926,0.3901
"1060","Switzerland","01/01/1989",6.65,NA,45,2,3098.26,3098.26,465.903759398496,0.02422616,0.046,NA,0.97577384,0.501433718,0.088927285,0.3617166665
"1061","Switzerland","01/01/1990",6.71,3140,42.48,2,3140,3140,467.95827123696,0.033381056,0.046,NA,0.966618944,0.535038806,0.097581192,0.333333333
"1062","Switzerland","01/01/1991",6.8,3180,37.597,2,3180,3180,467.647058823529,0.049585803,0.046,NA,0.950414197,0.505241255,0.097993797,0.30477689075
"1063","Switzerland","01/01/1992",6.875,NA,35.422,1.5,3235.171,3235.171,470.570327272727,0.040624508,0.046,NA,0.959375492,0.4914661,0.095996539,0.2762204485
"1064","Switzerland","01/01/1993",6.938,3290,34.58,1,3290,3290,474.200057653502,0.060044625,0.046,NA,0.939955375,0.451988206,0.134791617,0.24766400625
"1065","Switzerland","01/01/1994",6.994,3340,47.107,2,3340,3340,477.552187589362,0.025643747,0.008547916,NA,0.974356253,0.393041374,0.039229838,0.219107564
"1066","Switzerland","01/01/1995",7.041,3389.9,49.4,1.4,3389.9,3389.9,481.451498366709,0.020008652,0.006669551,NA,0.979991348,0.399134761,0.050811162,0.228358209
"1067","Switzerland","01/01/1996",7.072,3434.1,41.988,1.4,3434.1,3434.1,485.591063348416,0.016957226,0.005652409,NA,0.983042774,0.382799848,0.041511861,0.23099457
"1068","Switzerland","01/01/1997",7.089,3472.4,38.24,NA,3472.4,3472.4,489.829313020172,0.018770335,0.006256778,NA,0.981229665,0.409749451,0.038764217,0.211729373
"1069","Switzerland","01/01/1998",7.11,3507.5,35.17,1.4,3507.5,3507.5,493.319268635724,0.016867256,0.005622419,NA,0.983132744,0.429744471,0.031333373,0.207135234
"1070","Switzerland","01/01/1999",7.144,NA,33.108,1.267,3538.7685,3538.7685,495.348334266517,0.012897185,0.004299062,NA,0.987102815,0.456747614,0.022502114,0.185408361
"1071","Switzerland","01/01/2000",7.184,3569.181,32.214,1.229,3569.181,3569.181,496.823635857461,0.013348234,0.004449411,NA,0.986651766,0.461538462,0.020053393,0.191174645
"1072","Switzerland","01/01/2001",7.23,NA,28.873,1.299,3611.7742,3611.7742,499.553831258644,0.017490389,0.00583013,NA,0.982509611,0.452013992,0.026737783,0.1893984
"1073","Switzerland","01/01/2002",7.285,NA,28.644,1.09,3654.3474,3654.3474,501.626273164036,0.007540846,0.002513615,NA,0.992459154,0.438311688,0.031315459,0.196725318
"1074","Switzerland","01/01/2003",7.339,NA,32.096,1.328,3700.1346,3700.1346,504.17421992097,0.009658524,0.003219508,NA,0.990341476,0.440272931,0.026078016,0.187780409
"1075","Switzerland","01/01/2004",7.39,NA,36.935,2.339,3749.7498,3749.7498,507.408633288227,0.012102342,0.004034114,NA,0.987897658,0.422444836,0.020360092,0.190198998
"1076","Switzerland","01/01/2005",7.437,NA,37.958,2.318,3800.409,3800.409,511.013715207745,0.007587333,0.002529111,NA,0.992412667,0.427656884,0.02292007,0.185573529
"1077","Switzerland","01/01/2006",7.484,NA,41.989,2.541,3854.8762,3854.8762,515.082335649385,0.002881707,0.000960569,NA,0.997118293,0.398509133,0.029984043,0.200385815
"1078","Switzerland","01/01/2007",7.551,NA,42.915,2.715,3910.0954,3910.0954,517.824844391471,0.011534429,0.00384481,NA,0.988465571,0.378236048,0.033857626,0.196726086
"1079","Switzerland","01/01/2008",7.648,NA,44.191,2.585,3966.7206,3966.7206,518.661166317992,0.009187391,0.003062464,NA,0.990812609,0.382747618,0.02622706,0.189110905
"1080","Switzerland","01/01/2009",7.744,NA,39.733,3.459,4018.0138,4018.0138,518.855087809917,0.006594015,0.002198005,NA,0.993405985,0.367603755,0.029547228,0.191515868
"1081","Switzerland","01/01/2010",7.825,4079.06,48.075,2.048,4079.06,4079.06,521.285623003195,0.009007151,0.003002384,NA,0.990992849,0.35276861,0.027709021,0.204551705
"1082","Switzerland","01/01/2011",7.912,4131.342,51.354,2.199,4131.342,4131.342,522.161526794742,0.010535464,0.003511821,NA,0.989464536,0.334993853,0.04144232,0.207508373
"1083","Switzerland","01/01/2012",7.997,4177.521,49.843,2.611,4177.521,4177.521,522.386019757409,0.018846768,0.006282256,NA,0.981153232,0.338245121,0.039800206,0.209256889
"1084","Switzerland","01/01/2013",8.089,4234.906,48.33,2.783,4234.906,4234.906,523.53887996044,0.013873939,0.004624646,NA,0.986126061,0.317446079,0.035960611,0.210451302
"1085","Switzerland","01/01/2014",8.189,4289.428,57.003,3.671,4289.428,4289.428,523.803639027964,0.015682844,0.005227615,NA,0.984317156,0.30454416,0.035067735,0.197327204
"1086","Switzerland","01/01/2015",8.282,4351.846,56.165,3.491,4351.846,4351.846,525.458343395315,0.023227798,0.007742599,NA,0.976772202,0.295128562,0.044799157,0.219534691
"1087","Switzerland","01/01/2016",8.373,4420.829,53.126,3.772,4420.829,4420.829,527.986265376806,0.014740362,0.004913454,NA,0.985259638,0.287369797,0.028269977,0.215599416
"1088","Switzerland","01/01/2017",8.452,4469.498,NA,3.793,4469.498,4469.498,528.80951254141,0.024457767,0.008152589,NA,0.975542233,0.288294927,0.037981238,0.219771356
"1089","Switzerland","01/01/2018",8.514,4528.902,NA,3.707,4528.902,4528.902,531.935870331219,0.027707288,0.009235763,NA,0.972292712,0.272843475,0.045094833,0.244102333
"1090","Switzerland","01/01/2019",8.575,4582.272,NA,3.884,4582.272,4582.272,534.375743440233,0.02364634,0.007882113,NA,0.97635366,0.269468889,0.051640957,0.247572212
"1091","Switzerland","01/01/2020",8.637,4637.174,NA,4.34,4637.174,4637.174,536.896376056501,0.031917914,0.010639305,NA,0.968082086,0.258020035,0.023705236,0.241320923
"1092","Switzerland","01/01/2021",NA,NA,NA,NA,NA,NA,NA,NA,NA,NA,NA,NA,NA,NA
"1093","Unitedkingdom","01/01/1948",50.06,13454.6,260.9,NA,13454.6,13454.6,268.769476628046,0.782,0.764,0.018,0.218,0.218,0.083204134,NA
"1094","Unitedkingdom","01/01/1949",50.36,13664.6,220,10,13664.6,13664.6,271.338363780778,0.819,0.79,0.029,0.181,0.181,0.083204134,NA
"1095","Unitedkingdom","01/01/1950",50.32,13869.3,214.7,10,13869.3,13869.3,275.622019077901,0.822,0.788,0.034,0.178,0.178,0.083204134,NA
"1096","Unitedkingdom","01/01/1951",50.3,14094,209.4,14,14094,14094,280.198807157058,0.847,0.799,0.048,0.153,0.153,0.083204134,NA
"1097","Unitedkingdom","01/01/1952",50.44,NA,254.5,14,14387.63333,14387.63333,285.242532315623,0.833,0.784,0.049,0.167,0.167,0.083204134,NA
"1098","Unitedkingdom","01/01/1953",50.61,NA,330.4,14,14757.16667,14757.16667,291.585984390437,0.794,0.742,0.052,0.206,0.206,0.083204134,NA
"1099","Unitedkingdom","01/01/1954",50.78,15128,356.7,39,15128,15128,297.912564001575,0.734,0.672,0.062,0.266,0.266,0.083204134,NA
"1100","Unitedkingdom","01/01/1955",50.97,15418,328.6,55,15418,15418,302.491661761821,0.634,0.598,0.036,0.366,0.366,0.083204134,NA
"1101","Unitedkingdom","01/01/1956",51.21,15682,310,65,15682,15682,306.229252099199,0.589,0.555,0.034,0.411,0.411,0.083204134,NA
"1102","Unitedkingdom","01/01/1957",51.46,15933,310,76,15933,15933,309.619121647882,0.581,0.551,0.03,0.419,0.419,0.083204134,NA
"1103","Unitedkingdom","01/01/1958",51.65,15933,281.4,85,15933,15933,308.480154888674,0.532,0.514,0.018,0.468,0.468,0.083204134,NA
"1104","Unitedkingdom","01/01/1959",51.96,16147,284.4,90,16147,16147,310.758275596613,0.456,0.442,0.014,0.544,0.544,0.083204134,NA
"1105","Unitedkingdom","01/01/1960",52.37,16593,307.3,90,16593,16593,316.841703265228,0.437,0.422,0.015,0.563,0.563,0.083204134,NA
"1106","Unitedkingdom","01/01/1961",52.82,16823,310.7,95,16823,16823,318.496781522151,0.399,0.378,0.021,0.601,0.601,0.083204134,NA
"1107","Unitedkingdom","01/01/1962",53.34,17057,321.6,99,17057,17057,319.778777652793,0.424,0.403,0.021,0.576,0.576,0.083204134,NA
"1108","Unitedkingdom","01/01/1963",53.68,17286,315.4,108,17286,17286,322.019374068554,0.419,0.4,0.019,0.581,0.581,0.083204134,NA
"1109","Unitedkingdom","01/01/1964",54.07,17582,392.5,108,17582,17582,325.171074533013,0.42,0.402,0.018,0.58,0.58,0.083204134,NA
"1110","Unitedkingdom","01/01/1965",54.44,17783.5,398.4,110.7,17783.5,17783.5,326.662380602498,0.44,0.417,0.023,0.56,0.56,0.083204134,NA
"1111","Unitedkingdom","01/01/1966",54.74,18078.7,402.5,119.8,18078.7,18078.7,330.264888564121,0.47,0.444,0.026,0.53,0.53,0.083204134,NA
"1112","Unitedkingdom","01/01/1967",55.07,18367.8,419.9,130.8,18367.8,18367.8,333.535500272381,0.506,0.479,0.027,0.493,0.493,0.083204134,NA
"1113","Unitedkingdom","01/01/1968",55.28,18656.1,431,127.1,18656.1,18656.1,337.483719247467,0.468,0.44,0.028,0.531,0.531,0.083204134,NA
"1114","Unitedkingdom","01/01/1969",55.53,18919.9,384.2,120.8,18919.9,18919.9,340.714928867279,0.505,0.475,0.03,0.495,0.495,0.083204134,NA
"1115","Unitedkingdom","01/01/1970",55.42,19172.1,368.2,115.1,19172.1,19172.1,345.941898231685,0.519,0.486,0.033,0.481,0.481,0.083204134,NA
"1116","Unitedkingdom","01/01/1971",55.61,19417.6,371.7,126.6,19417.6,19417.6,349.174608883294,0.464,0.421,0.043,0.536,0.536,0.083204134,NA
"1117","Unitedkingdom","01/01/1972",55.8,19675,340.7,124,19675,19675,352.598566308244,0.419,0.393,0.026,0.581,0.581,0.083204134,NA
"1118","Unitedkingdom","01/01/1973",55.93,19882,315.4,109,19882,19882,355.480064366172,0.404,0.368,0.036,0.596,0.596,0.083204134,NA
"1119","Unitedkingdom","01/01/1974",56.1,20097,290.3,76,20097,20097,358.235294117647,0.514,0.473,0.041,0.486,0.486,0.083204134,NA
"1120","Unitedkingdom","01/01/1975",55.96,20347,332.4,82,20347,20347,363.598999285204,0.54,0.519,0.021,0.46,0.46,0.083204134,NA
"1121","Unitedkingdom","01/01/1976",55.89,20607,355.6,74,20607,20607,368.706387546967,0.516,0.458,0.058,0.484,0.484,0.083204134,NA
"1122","Unitedkingdom","01/01/1977",55.85,20865,322.6,65,20865,20865,373.589973142346,0.548,0.452,0.096,0.452,0.452,0.083204134,NA
"1123","Unitedkingdom","01/01/1978",55.84,21111,300,54,21111,21111,378.062320916905,0.48,0.386,0.094,0.509,0.509,0.083204134,NA
"1124","Unitedkingdom","01/01/1979",55.88,21314,255.7,53,21314,21314,381.42448103078,0.481,0.384,0.097,0.519,0.519,0.083204134,NA
"1125","Unitedkingdom","01/01/1980",56.31,21517,251.1,45,21517,21517,382.116853134434,0.4709,0.359,0.1119,0.5292,0.5292,0.083204134,NA
"1126","Unitedkingdom","01/01/1981",56.35,21692,217.6,42,21692,21692,384.951197870453,0.4269,0.3311,0.0958,0.5727,0.5727,0.083204134,NA
"1127","Unitedkingdom","01/01/1982",56.34,21852,194.4,35,21852,21852,387.859424920128,0.2973,0.2217,0.0756,0.7028,0.7028,0.083204134,NA
"1128","Unitedkingdom","01/01/1983",56.38,22037,218.5,33,22037,22037,390.865555161405,0.2713,0.191,0.0803,0.7287,0.7287,0.083204134,NA
"1129","Unitedkingdom","01/01/1984",56.49,22254,226.4,30,22254,22254,393.945831120552,0.2574,0.1762,0.0812,0.7459,0.7459,0.083204134,NA
"1130","Unitedkingdom","01/01/1985",56.62,22427,216.3,21,22427,22427,396.096785588131,0.2204,0.153,0.0674,0.7801,0.7801,0.083204134,NA
"1131","Unitedkingdom","01/01/1986",56.76,22628,219.9,19,22628,22628,398.661028893587,0.1804,0.1199,0.0605,0.8196,0.8196,0.083204134,NA
"1132","Unitedkingdom","01/01/1987",56.93,22829,225.4,24,22829,22829,401.001229580186,0.1754,0.1148,0.0606,0.8246,0.8246,0.083204134,NA
"1133","Unitedkingdom","01/01/1988",57.08,22964,246.6,21,22964,22964,402.312543798178,0.1479,0.0923,0.0556,0.8486,0.8486,0.083204134,NA
"1134","Unitedkingdom","01/01/1989",57.24,22749,223.6,20,22749,23167.6,397.431865828092,0.151730378,0.085727211,0.066003167,0.848179145,0.836444703,0.083204134,NA
"1135","Unitedkingdom","01/01/1990",57.41,23383,205.1,15.1,23383,23383,407.298380073158,0.176040689,0.087452471,0.088588218,0.823959311,0.824289406,0.083204134,NA
"1136","Unitedkingdom","01/01/1991",57.42,23557,194.2,20.2,23557,23557,410.257749912922,0.166893519,0.057899696,0.108993823,0.833158832,0.831973899,0.109298532,NA
"1137","Unitedkingdom","01/01/1992",57.58,23814,179,13,23814,23814,413.581104550191,0.179620324,0.031658291,0.147962032,0.820212172,0.822886717,0.148361127,NA
"1138","Unitedkingdom","01/01/1993",57.72,23956,185.65,NA,23956,23956,415.038115038115,0.211515674,0.018097598,0.193418076,0.788430464,0.822886717,0.148361127,NA
"1139","Unitedkingdom","01/01/1994",57.87,24249,193,17,24249,24249,419.025401762571,0.205906736,0.01492228,0.190984456,0.794145078,0.822886717,0.148361127,NA
"1140","Unitedkingdom","01/01/1995",58.02,24421,199.12,28,24421,24421,420.906583936574,0.211932503,0.017276014,0.194656489,0.788117718,0.822886717,0.148361127,NA
"1141","Unitedkingdom","01/01/1996",58.17,24598,189.03,22,24598,24598,422.864019253911,0.183506136,0.009204401,0.174301735,0.816440965,0.822886717,0.148361127,NA
"1142","Unitedkingdom","01/01/1997",58.32,24731,191.11,NA,24731,24731,424.056927297668,0.156454398,0.008110512,0.148343886,0.843650254,0.822886717,0.148361127,NA
"1143","Unitedkingdom","01/01/1998",58.49,24922,181.02,NA,24922,24922,426.089929902547,0.139100652,0.006021434,0.133079218,0.860844106,0.822886717,0.148361127,NA
"1144","Unitedkingdom","01/01/1999",58.68,25105,181.99,NA,25105,25105,427.828902522154,0.132205066,0.001813286,0.13039178,0.867794934,0.822886717,0.148361127,NA
"1145","Unitedkingdom","01/01/2000",58.89,25319,176.85,NA,25319,25319,429.937170996774,0.125982471,0.001583263,0.124399208,0.874074074,0.822886717,0.148361127,NA
"1146","Unitedkingdom","01/01/2001",59.12,25468,174.08,NA,25468,25468,430.784844384303,0.123212132,0.002067896,0.121144236,0.87684531,0.822886717,0.148361127,NA
"1147","Unitedkingdom","01/01/2002",59.37,25636,181.96,NA,25636,25636,431.800572679805,0.105462739,0.001373928,0.104088811,0.894592218,0.822886717,0.148361127,NA
"1148","Unitedkingdom","01/01/2003",59.65,25835,190.49,NA,25835,25835,433.109807208718,0.093810699,0.001312405,0.092498294,0.906189301,0.822886717,0.148361127,NA
"1149","Unitedkingdom","01/01/2004",59.99,26042,203.49,NA,26042,26042,434.105684280713,0.102113022,0.000638821,0.101474201,0.897788698,0.822886717,0.148361127,NA
"1150","Unitedkingdom","01/01/2005",60.4,26274,205.74,NA,26274,26274,435,0.114513464,0.001117916,0.113395548,0.885535141,0.822886717,0.148361127,NA
"1151","Unitedkingdom","01/01/2006",60.85,26516,208.97,22.29,26516,26516,435.760065735415,0.125663971,0.001387759,0.124276212,0.874336029,0.822886717,0.148361127,NA
"1152","Unitedkingdom","01/01/2007",61.32,26772,223.58,20.5,26772,26772,436.594911937378,0.123932197,0.001252292,0.122679905,0.876067803,0.822886717,0.148361127,NA
"1153","Unitedkingdom","01/01/2008",61.81,27047,187.32,16.59,27047,27047,437.58291538586,0.172005125,0.003363229,0.168641896,0.827994875,0.822886717,0.148361127,NA
"1154","Unitedkingdom","01/01/2009",62.28,27266,157.13,16.33,27266,27266,437.797045600514,0.226740486,0.005345552,0.221394934,0.773259514,0.822886717,0.148361127,NA
"1155","Unitedkingdom","01/01/2010",62.77,27448,135.97,14.89,27448,27448,437.278954914768,0.225989116,0.009927931,0.216061185,0.774010884,0.822886717,0.148361127,NA
"1156","Unitedkingdom","01/01/2011",63.26,27614,140.67,12.2,27614,27614,436.515965855201,0.250799517,0.022031128,0.228768389,0.74934262,0.822886717,0.148361127,NA
"1157","Unitedkingdom","01/01/2012",63.7,27767,141.55,12.06,27767,27767,435.902668759812,0.23946049,0.017724737,0.221735753,0.76053951,0.822886717,0.148361127,NA
"1158","Unitedkingdom","01/01/2013",64.13,27914,135.43,12.06,27914,27914,435.272103539685,0.2126263,0.015340364,0.197285936,0.7873737,0.822886717,0.148361127,NA
"1159","Unitedkingdom","01/01/2014",64.6,28073,170.69,10.61,28073,28073,434.566563467492,0.206932194,0.014539691,0.192392503,0.792998897,0.822886717,0.148361127,NA
"1160","Unitedkingdom","01/01/2015",65.12,28277.656,189.65,10.42,28277.656,28277.656,434.239189189189,0.21910243,0.015695849,0.203406581,0.78089757,0.822886717,0.148361127,NA
"1161","Unitedkingdom","01/01/2016",65.61,28497.487,217.35,9.82,28497.487,28497.487,434.346700198141,0.189678245,0.01873509,0.170943155,0.810379938,0.822886717,0.148361127,NA
"1162","Unitedkingdom","01/01/2017",66.06,28747.646,222.28,8.06,28747.646,28747.646,435.174780502573,0.182447083,0.016520392,0.165926691,0.817604543,0.822886717,0.148361127,NA
"1163","Unitedkingdom","01/01/2018",66.46,29003.663,241.88,7.96,29003.663,29003.663,436.407809208547,0.188388328,0.020139621,0.168248707,0.811611672,0.822886717,0.148361127,NA
"1164","Unitedkingdom","01/01/2019",66.84,29281.509,242.7,8.33,29281.509,29281.509,438.083617594255,0.196963326,0.01779958,0.179163747,0.803036674,0.822886717,0.148361127,NA
"1165","Unitedkingdom","01/01/2020",67.08,29555.936,NA,5.76,29555.936,29555.936,440.607274895647,0.196963326,0.01779958,0.179163747,0.803036674,0.822886717,0.148361127,NA
"1166","Unitedkingdom","01/01/2021",NA,NA,NA,NA,NA,NA,NA,NA,NA,NA,NA,NA,NA,NA
"1167","Greece","01/01/2018",NA,NA,NA,NA,NA,NA,NA,0.004213483,NA,NA,0.995786517,NA,NA,NA
"1168","Greece","01/01/2019",NA,NA,NA,NA,NA,NA,NA,0.004213483,NA,NA,0.995786517,NA,NA,NA
"1169","Greece","01/01/2020",NA,NA,NA,NA,NA,NA,NA,0.004213483,NA,NA,0.995786517,NA,NA,NA
"1170","Italy","01/01/2019",NA,NA,NA,NA,NA,NA,NA,0.041825095,0.004912664,0.02128821,0.958174905,0.375545852,0.112445415,0.48580786
"1171","Italy","01/01/2020",NA,NA,NA,NA,NA,NA,NA,0.041825095,0.004912664,0.02128821,0.958174905,0.375545852,0.112445415,0.48580786
"1172","Spain","01/01/2018",NA,NA,NA,NA,NA,NA,NA,0.016332378,0.011064278,0.011064278,0.983667622,0.285036881,0.045310854,0.646996839
"1173","Spain","01/01/2019",NA,NA,NA,NA,NA,NA,NA,0.016332378,0.011064278,0.011064278,0.983667622,0.285036881,0.045310854,0.646996839
"1174","Spain","01/01/2020",NA,NA,NA,NA,NA,NA,NA,0.016332378,0.011064278,0.011064278,0.983667622,0.285036881,0.045310854,0.646996839
